,timestamp,icao24,latitude,longitude,groundspeed,vertical_rate,callsign,altitude,squawk,x,y
0,2021-03-15 00:03:20+00:00,7c6b2f,-33.964874267578125,151.17910579759248,72.60224799895464,7.80288,JST509,16300.0,3276.0,1574798.0945198038,-3933053.337310969
1,2021-03-15 00:03:30+00:00,7c6b2f,-33.97265625,151.17871342873087,79.30617713278734,8.77824,JST509,16300.0,3276.0,1574645.3169379698,-3933899.243672021
2,2021-03-15 00:03:40+00:00,7c6b2f,-33.97954908467955,151.17828369140625,85.55251668644948,9.10336,JST509,16300.0,3276.0,1574502.5108250696,-3934647.4827792174
3,2021-03-15 00:03:50+00:00,7c6b2f,-33.98802159196242,151.17765426635742,95.34022865666442,10.07872,JST509,16300.0,3276.0,1574317.7644725975,-3935565.9502442726
4,2021-03-15 00:04:00+00:00,7c6b2f,-33.9964009947696,151.1770248413086,103.0738334594944,10.07872,JST509,16300.0,3276.0,1574134.4250089652,-3936474.2574931094
5,2021-03-15 00:04:10+00:00,7c6b2f,-34.00654938261391,151.1762809753418,113.37510107826314,10.40384,JST509,16300.0,3276.0,1573914.0684630554,-3937574.5753938286
6,2021-03-15 00:04:20+00:00,7c6b2f,-34.017791748046875,151.1755184251435,122.10651014693676,11.70432,JST509,16300.0,3276.0,1573675.568931584,-3938794.3088981197
7,2021-03-15 00:04:30+00:00,7c6b2f,-34.02875480005298,151.17570877075195,130.17873021913175,12.02944,JST509,16300.0,3276.0,1573528.0340664505,-3939995.465560381
8,2021-03-15 00:04:40+00:00,7c6b2f,-34.04099803859907,151.17868423461914,135.65138150356628,18.85696,JST509,16300.0,3276.0,1573614.7723184498,-3941371.513680452
9,2021-03-15 00:04:50+00:00,7c6b2f,-34.052263680150986,151.18200302124023,137.4990540607041,22.10816,JST509,16300.0,3276.0,1573747.398244442,-3942644.993513066
10,2021-03-15 00:05:00+00:00,7c6b2f,-34.0643207097458,151.1858367919922,138.85890897224257,23.08352,JST509,16300.0,3276.0,1573914.9135737414,-3944011.4974706694
11,2021-03-15 00:05:10+00:00,7c6b2f,-34.076019287109375,151.18975580955038,138.85890897224257,23.08352,JST509,16300.0,3276.0,1574095.4948611811,-3945339.9062740677
12,2021-03-15 00:05:20+00:00,7c6b2f,-34.0872802734375,151.19367949816646,138.85890897224257,22.43328,JST509,16300.0,3276.0,1574283.0034788582,-3946620.553550006
13,2021-03-15 00:05:30+00:00,7c6b2f,-34.10067800748146,151.19842529296875,138.51159895097612,22.7584,JST509,16300.0,3276.0,1574513.0428055048,-3948145.216328791
14,2021-03-15 00:05:40+00:00,7c6b2f,-34.11250227588721,151.2026596069336,140.4846629086568,19.5072,JST509,16300.0,3276.0,1574720.1399771292,-3949491.4328888366
15,2021-03-15 00:05:50+00:00,7c6b2f,-34.12504577636719,151.2070200394611,143.4487221037936,19.5072,JST509,16300.0,3276.0,1574927.776255303,-3950917.928797805
16,2021-03-15 00:06:00+00:00,7c6b2f,-34.13647667836335,151.21095657348633,144.10310160620108,16.256,JST509,16300.0,3276.0,1575113.5289699829,-3952217.466318065
17,2021-03-15 00:06:10+00:00,7c6b2f,-34.149993896484375,151.1835479736328,144.10310160620108,16.256,JST509,16300.0,3276.0,1572417.3850356962,-3953352.6771571985
18,2021-03-15 00:06:20+00:00,7c6b2f,-34.16349792480469,151.1835479736328,147.60598800055914,11.70432,JST509,16300.0,3276.0,1572214.1507023945,-3954829.7494453513
19,2021-03-15 00:06:30+00:00,7c6b2f,-34.174713134765625,151.1835479736328,152.75868639396103,13.65504,JST509,16300.0,3276.0,1572045.3578991168,-3956056.50659859
20,2021-03-15 00:06:40+00:00,7c6b2f,-34.18652033401747,151.1835479736328,158.20303137864178,13.65504,JST509,16300.0,3276.0,1571867.6505727184,-3957348.052977397
21,2021-03-15 00:06:50+00:00,7c6b2f,-34.19699458752649,151.1835479736328,161.67625327952294,13.98016,JST509,16300.0,3276.0,1571710.0008979253,-3958493.8237833926
22,2021-03-15 00:07:00+00:00,7c6b2f,-34.208038330078125,151.17125842036037,164.90237412206918,16.256,JST509,16300.0,3276.0,1570426.8241782582,-3959548.292995014
23,2021-03-15 00:07:10+00:00,7c6b2f,-34.21852111816406,151.15954340720663,164.55293706713564,19.832320000000003,JST509,16300.0,3276.0,1569204.5094797586,-3960548.741798522
24,2021-03-15 00:07:20+00:00,7c6b2f,-34.230093228614976,151.1466407775879,164.55293706713564,16.90624,JST509,16300.0,3276.0,1567858.109057746,-3961653.706626894
25,2021-03-15 00:07:30+00:00,7c6b2f,-34.24122619628906,151.13431969467476,167.90509616659168,16.90624,JST509,16300.0,3276.0,1566571.3788926674,-3962718.0661137872
26,2021-03-15 00:07:40+00:00,7c6b2f,-34.25192622815149,151.12266540527344,167.90509616659168,12.35456,JST509,16300.0,3276.0,1565351.9424874943,-3963743.537559909
27,2021-03-15 00:07:50+00:00,7c6b2f,-34.26402282714844,151.1096004563935,172.6846827038459,8.128,JST509,16300.0,3276.0,1563983.6200635328,-3964904.4185520266
28,2021-03-15 00:08:00+00:00,7c6b2f,-34.274876481395665,151.0979461669922,178.19452038816013,7.152640000000001,JST509,16300.0,3276.0,1562762.3066782427,-3965947.035472651
29,2021-03-15 00:08:10+00:00,7c6b2f,-34.28763179455774,151.08427047729492,185.1155091443922,7.152640000000001,JST509,16300.0,3276.0,1561329.1323072854,-3967172.7873776383
30,2021-03-15 00:08:20+00:00,7c6b2f,-34.30075952562237,151.07025146484375,188.7469727260685,11.3792,JST509,16300.0,3276.0,1559859.4879220312,-3968435.2519107624
31,2021-03-15 00:08:30+00:00,7c6b2f,-34.312770002979335,151.0573768615723,189.0894889963552,15.93088,JST509,16300.0,3276.0,1558510.7557865658,-3969589.871592036
32,2021-03-15 00:08:40+00:00,7c6b2f,-34.3259908385196,151.04312896728516,189.0894889963552,16.256,JST509,16300.0,3276.0,1557019.5043480133,-3970860.13391608
33,2021-03-15 00:08:50+00:00,7c6b2f,-34.33763122558594,151.0305101044324,190.15926832360347,16.256,JST509,16875.0,3276.0,1555700.034317913,-3971977.824801604
34,2021-03-15 00:09:00+00:00,7c6b2f,-34.35081481933594,151.0162727200255,190.15926832360347,11.05408,JST509,17275.0,3276.0,1554210.8604005878,-3973244.589440391
35,2021-03-15 00:09:10+00:00,7c6b2f,-34.36458264367059,151.0015869140625,194.25898624226656,10.72896,JST509,17550.0,3276.0,1552672.5804716572,-3974569.9990604217
36,2021-03-15 00:09:20+00:00,7c6b2f,-34.377291404594814,150.9880828857422,196.8701303695127,10.72896,JST509,17850.0,3276.0,1551257.6459157993,-3975794.3230993543
37,2021-03-15 00:09:30+00:00,7c6b2f,-34.39100646972656,150.97367267219389,198.3713674556685,12.02944,JST509,18225.0,3276.0,1549745.782732614,-3977117.8446616502
38,2021-03-15 00:09:40+00:00,7c6b2f,-34.40345376224843,150.9606170654297,199.822923530472,12.02944,JST509,18600.0,3276.0,1548375.9939261342,-3978319.516780393
39,2021-03-15 00:09:50+00:00,7c6b2f,-34.4170470156912,150.9463119506836,201.27453031211888,12.35456,JST509,18975.0,3276.0,1546876.079867658,-3979631.4679194344
40,2021-03-15 00:10:00+00:00,7c6b2f,-34.43105923927436,150.9316635131836,202.05144212616025,13.65504,JST509,19425.0,3276.0,1545339.1149846134,-3980985.3108690814
41,2021-03-15 00:10:10+00:00,7c6b2f,-34.44535077628444,150.91672897338867,202.440740908536,13.65504,JST509,19850.0,3276.0,1543772.3868225832,-3982366.47730482
42,2021-03-15 00:10:20+00:00,7c6b2f,-34.45917679091633,150.9023666381836,203.5027584885757,11.05408,JST509,20225.0,3276.0,1542264.7941327125,-3983703.9606006495
43,2021-03-15 00:10:30+00:00,7c6b2f,-34.4725341796875,150.8884165238361,205.0070635790712,10.40384,JST509,26325.0,3276.0,1540801.8398326726,-3984995.4312734483
44,2021-03-15 00:10:40+00:00,7c6b2f,-34.48748055150952,150.8730125427246,206.5132261496824,10.40384,JST509,26325.0,3276.0,1539183.853196263,-3986443.3286411217
45,2021-03-15 00:10:50+00:00,7c6b2f,-34.500794491525426,150.85922241210938,207.6296238927636,10.40384,JST509,26325.0,3276.0,1537736.677446059,-3987732.489879975
46,2021-03-15 00:11:00+00:00,7c6b2f,-34.515380859375,150.84424700055803,209.47159067575788,10.40384,JST509,26325.0,3276.0,1536163.557614727,-3989146.741843826
47,2021-03-15 00:11:10+00:00,7c6b2f,-34.53063447596662,150.8286094665527,209.863518942492,11.05408,JST509,26325.0,3276.0,1534520.9291524158,-3990626.258436611
48,2021-03-15 00:11:20+00:00,7c6b2f,-34.544219970703125,150.81470723054846,210.5886426464884,11.3792,JST509,26325.0,3276.0,1533060.542930254,-3991944.5330835935
49,2021-03-15 00:11:30+00:00,7c6b2f,-34.55954341565149,150.79896926879883,210.9810046068138,10.72896,JST509,26325.0,3276.0,1531408.5100417738,-3993431.034097325
50,2021-03-15 00:11:40+00:00,7c6b2f,-34.5731832213321,150.78495025634766,211.3137829176592,11.3792,JST509,26325.0,3276.0,1529937.3904736424,-3994754.3357362864
51,2021-03-15 00:11:50+00:00,7c6b2f,-34.587982177734375,150.7697529695472,212.03893958603305,9.10336,JST509,26325.0,3276.0,1528342.7855749265,-3996190.5237424
52,2021-03-15 00:12:00+00:00,7c6b2f,-34.601715087890625,150.75562769052934,213.88129171612368,13.0048,JST509,26325.0,3276.0,1526861.3126892943,-3997523.229580583
53,2021-03-15 00:12:10+00:00,7c6b2f,-34.617361295021226,150.73963165283203,215.06035924929657,13.0048,JST509,26325.0,3276.0,1525182.6221120614,-3999043.0845808573
54,2021-03-15 00:12:20+00:00,7c6b2f,-34.63188171386719,150.72479870854593,213.32560450593505,13.0048,JST509,26325.0,3276.0,1523626.1770166736,-4000454.00693947
55,2021-03-15 00:12:30+00:00,7c6b2f,-34.64613057799261,150.71016311645508,213.32560450593505,13.0048,JST509,26325.0,3276.0,1522091.9284061145,-4001837.8332962296
56,2021-03-15 00:12:40+00:00,7c6b2f,-34.66227722167969,150.69335314692285,213.32560450593505,19.5072,JST509,26325.0,3276.0,1520333.3623142475,-4003403.559483072
57,2021-03-15 00:12:50+00:00,7c6b2f,-34.67545848781782,150.67943572998047,209.59852690009205,19.5072,JST509,26325.0,3276.0,1518880.464555878,-4004679.6347799986
58,2021-03-15 00:13:00+00:00,7c6b2f,-34.68998278601697,150.6639289855957,205.58201833453884,19.5072,JST509,26325.0,3276.0,1517264.3687015735,-4006083.9279637905
59,2021-03-15 00:13:10+00:00,7c6b2f,-34.70411682128906,150.6489594128667,204.85596745541852,14.305280000000002,JST509,26825.0,3276.0,1515702.9510512576,-4007452.2150458046
60,2021-03-15 00:13:20+00:00,7c6b2f,-34.71768136751854,150.6346893310547,204.85596745541852,9.7536,JST509,27200.0,3276.0,1514213.4838371738,-4008766.7825482334
61,2021-03-15 00:13:30+00:00,7c6b2f,-34.73155393438827,150.6200408935547,204.85596745541852,9.7536,JST509,27500.0,3276.0,1512685.601455494,-4010110.7988660997
62,2021-03-15 00:13:40+00:00,7c6b2f,-34.745100635593246,150.60550689697266,205.152243367868,9.10336,JST509,27800.0,3276.0,1511173.146835362,-4011420.729740349
63,2021-03-15 00:13:50+00:00,7c6b2f,-34.75943872484112,150.5899429321289,206.8359192689568,7.80288,JST509,28075.0,3276.0,1509556.315312578,-4012805.284586169
64,2021-03-15 00:14:00+00:00,7c6b2f,-34.77159118652344,150.57513801419006,209.01626110725053,6.827520000000001,JST509,28275.0,3276.0,1508040.283797889,-4013959.645128459
65,2021-03-15 00:14:10+00:00,7c6b2f,-34.78376770019531,150.55636036152742,212.495264947944,6.827520000000001,JST509,28500.0,3276.0,1506164.8767375976,-4015069.2648337856
66,2021-03-15 00:14:20+00:00,7c6b2f,-34.794678768869176,150.53661346435547,213.45210861963008,8.77824,JST509,28750.0,3276.0,1504220.5356783036,-4016028.900941277
67,2021-03-15 00:14:30+00:00,7c6b2f,-34.8051064701404,150.51755905151367,214.4497315572177,8.128,JST509,29025.0,3276.0,1502346.1557379563,-4016944.185376764
68,2021-03-15 00:14:40+00:00,7c6b2f,-34.81562805175781,150.49851398078764,214.73523588887943,9.10336,JST509,29300.0,3276.0,1500471.569468039,-4017870.212435986
69,2021-03-15 00:14:50+00:00,7c6b2f,-34.826202392578125,150.47940001195792,215.3087963428513,8.45312,JST509,29575.0,3276.0,1498590.301822899,-4018801.541398333
70,2021-03-15 00:15:00+00:00,7c6b2f,-34.83769303661285,150.4587364196777,216.0229928570608,7.80288,JST509,29825.0,3276.0,1496556.015181342,-4019815.230398455
71,2021-03-15 00:15:10+00:00,7c6b2f,-34.8490517826404,150.4383659362793,217.45165116664435,6.827520000000001,JST509,30075.0,3276.0,1494550.4970146178,-4020818.341157705
72,2021-03-15 00:15:20+00:00,7c6b2f,-34.85896740929559,150.42062759399414,218.88065741253703,5.8521600000000005,JST509,30250.0,3276.0,1492804.0575205167,-4021694.84885154
73,2021-03-15 00:15:30+00:00,7c6b2f,-34.87116409560383,150.3987693786621,220.73544558976573,5.8521600000000005,JST509,30425.0,3276.0,1490652.6851013904,-4022772.933609357
74,2021-03-15 00:15:40+00:00,7c6b2f,-34.88168490135064,150.38000106811523,221.87570733064663,6.1772800000000005,JST509,30625.0,3276.0,1488805.0704401091,-4023704.2685668757
75,2021-03-15 00:15:50+00:00,7c6b2f,-34.89312744140625,150.35950329838968,222.7281124339663,6.1772800000000005,JST509,30850.0,3276.0,1486788.238548945,-4024716.565882574
76,2021-03-15 00:16:00+00:00,7c6b2f,-34.90342479641157,150.3409194946289,223.4422830036367,6.1772800000000005,JST509,31050.0,3276.0,1484961.1431702871,-4025626.2629395565
77,2021-03-15 00:16:10+00:00,7c6b2f,-34.91542053222656,150.3193695691167,224.8708811660291,7.152640000000001,JST509,31250.0,3276.0,1482842.0159670303,-4026687.574276614
78,2021-03-15 00:16:20+00:00,7c6b2f,-34.92723083496094,150.29818165058992,226.01135647307112,7.152640000000001,JST509,31475.0,3276.0,1480758.6491188935,-4027733.2442625393
79,2021-03-15 00:16:30+00:00,7c6b2f,-34.93840026855469,150.27811478595345,226.01135647307112,7.80288,JST509,31700.0,3276.0,1478786.100871913,-4028722.221478775
80,2021-03-15 00:16:40+00:00,7c6b2f,-34.949798583984375,150.25759949976086,226.43777295636383,7.80288,JST509,31950.0,3276.0,1476770.1296460994,-4029731.415514286
81,2021-03-15 00:16:50+00:00,7c6b2f,-34.96092224121094,150.23747658242985,226.5779813936704,7.80288,JST509,32200.0,3276.0,1474793.87652523,-4030715.4741086527
82,2021-03-15 00:17:00+00:00,7c6b2f,-34.97255486957101,150.2164649963379,226.5779813936704,8.77824,JST509,32450.0,3276.0,1472730.4674369663,-4031745.338924849
83,2021-03-15 00:17:10+00:00,7c6b2f,-34.983448093220375,150.19672393798828,226.5779813936704,7.80288,JST509,32725.0,3276.0,1470792.6871461913,-4032709.3549133195
84,2021-03-15 00:17:20+00:00,7c6b2f,-34.99479675292969,150.17615493463012,226.5779813936704,7.80288,JST509,33025.0,3276.0,1468774.0122337188,-4033714.0316736517
85,2021-03-15 00:17:30+00:00,7c6b2f,-35.00660705566406,150.15474280532527,226.5779813936704,7.80288,JST509,33275.0,3276.0,1466673.027879119,-4034759.9207120184
86,2021-03-15 00:17:40+00:00,7c6b2f,-35.01775709249205,150.1345252990723,226.5779813936704,7.80288,JST509,33500.0,3276.0,1464689.6419226883,-4035747.701974159
87,2021-03-15 00:17:50+00:00,7c6b2f,-35.02931213378906,150.11354407485652,226.5779813936704,7.80288,JST509,33750.0,3276.0,1462631.9336998244,-4036771.422766855
88,2021-03-15 00:18:00+00:00,7c6b2f,-35.03993225097656,150.0942058952487,225.864351868294,8.45312,JST509,34025.0,3276.0,1460736.124143346,-4037712.041192612
89,2021-03-15 00:18:10+00:00,7c6b2f,-35.05169677734375,150.0728498186384,225.4368507548053,8.128,JST509,34300.0,3276.0,1458642.3513823529,-4038755.1910794466
90,2021-03-15 00:18:20+00:00,7c6b2f,-35.06341552734375,150.05154979472258,224.7231305105757,8.128,JST509,34600.0,3276.0,1456554.6740613985,-4039794.3907600255
91,2021-03-15 00:18:30+00:00,7c6b2f,-35.07417840472726,150.03192901611328,224.4373606629304,8.45312,JST509,34875.0,3276.0,1454632.3791059887,-4040748.524100212
92,2021-03-15 00:18:40+00:00,7c6b2f,-35.08581646418168,150.01070022583008,224.0094991405916,8.128,JST509,35125.0,3276.0,1452553.0108058047,-4041780.5003578947
93,2021-03-15 00:18:50+00:00,7c6b2f,-35.096099853515625,149.9919657804528,223.29595749695216,8.45312,JST509,35400.0,3276.0,1450718.104884949,-4042692.972267488
94,2021-03-15 00:19:00+00:00,7c6b2f,-35.10768127441406,149.97083391462053,223.29595749695216,6.827520000000001,JST509,35625.0,3276.0,1448649.0004687535,-4043720.6362749874
95,2021-03-15 00:19:10+00:00,7c6b2f,-35.11930847167969,149.94964599609375,223.29595749695216,6.827520000000001,JST509,35850.0,3276.0,1446574.5798630025,-4044753.095810355
96,2021-03-15 00:19:20+00:00,7c6b2f,-35.1295755677304,149.93093490600586,223.29595749695216,6.827520000000001,JST509,36075.0,3276.0,1444742.9872930986,-4045665.110497838
97,2021-03-15 00:19:30+00:00,7c6b2f,-35.14158604508742,149.90896224975586,223.29595749695216,7.477760000000001,JST509,36325.0,3276.0,1442593.1558425985,-4046731.432226842
98,2021-03-15 00:19:40+00:00,7c6b2f,-35.151594776218246,149.89070892333984,222.5825064425756,7.152640000000001,JST509,36575.0,3276.0,1440807.104529209,-4047621.0319847367
99,2021-03-15 00:19:50+00:00,7c6b2f,-35.16357421875,149.8688180106027,222.29755636286933,7.152640000000001,JST509,36825.0,3276.0,1438665.8313223734,-4048685.701960259
100,2021-03-15 00:20:00+00:00,7c6b2f,-35.17370708918168,149.8502540588379,222.29755636286933,5.52704,JST509,37025.0,3276.0,1436850.6688210813,-4049586.0634528785
101,2021-03-15 00:20:10+00:00,7c6b2f,-35.18567101430085,149.82833862304688,222.29755636286933,5.8521600000000005,JST509,37075.0,3276.0,1434708.156169962,-4050649.571170883
102,2021-03-15 00:20:20+00:00,7c6b2f,-35.19675044690149,149.8080825805664,222.29755636286933,5.8521600000000005,JST509,37075.0,3276.0,1432727.9371223764,-4051635.297783236
103,2021-03-15 00:20:30+00:00,7c6b2f,-35.20717814817266,149.7890281677246,222.29755636286933,6.1772800000000005,JST509,37075.0,3276.0,1430865.4319112694,-4052563.5032300185
104,2021-03-15 00:20:40+00:00,7c6b2f,-35.21891784667969,149.76753079161352,221.58447378021864,3.2512000000000003,JST509,37075.0,3276.0,1428764.853201284,-4053608.379164427
105,2021-03-15 00:20:50+00:00,7c6b2f,-35.229476670087394,149.74809362533244,221.58447378021864,3.2512000000000003,JST509,37075.0,3276.0,1426866.695675752,-4054547.3588694446
106,2021-03-15 00:21:00+00:00,7c6b2f,-35.24088196835277,149.7270559757314,220.8714854537052,1.30048,JST509,37075.0,3276.0,1424812.9195083627,-4055561.528066448
107,2021-03-15 00:21:10+00:00,7c6b2f,-35.252105712890625,149.70645904541016,220.7276522222208,0.32512,JST509,37075.0,3276.0,1422801.739065336,-4056561.151173966
108,2021-03-15 00:21:20+00:00,7c6b2f,-35.26240539550781,149.68746185302734,220.7276522222208,0.0,JST509,37075.0,3276.0,1420947.806065579,-4057477.734333907
109,2021-03-15 00:21:30+00:00,7c6b2f,-35.2736081915387,149.6669233606217,220.7276522222208,0.0,JST509,37075.0,3276.0,1418942.8727282921,-4058476.4707900546
110,2021-03-15 00:21:40+00:00,7c6b2f,-35.28483581542969,149.64632034301758,221.15587960840176,0.0,JST509,37075.0,3276.0,1416932.1444611892,-4059477.59846264
111,2021-03-15 00:21:50+00:00,7c6b2f,-35.29591369628906,149.6260643005371,222.29755636286933,0.0,JST509,37075.0,3276.0,1414955.0910965635,-4060466.572179706
112,2021-03-15 00:22:00+00:00,7c6b2f,-35.30625915527344,149.60689544677734,222.44275399844392,0.0,JST509,37075.0,3276.0,1413086.364827813,-4061387.6685018507
113,2021-03-15 00:22:10+00:00,7c6b2f,-35.31779479980469,149.58572387695312,222.44275399844392,0.0,JST509,37075.0,3276.0,1411021.26110184,-4062417.4057913506
114,2021-03-15 00:22:20+00:00,7c6b2f,-35.32905190677968,149.56489076005653,222.44275399844392,0.0,JST509,37075.0,3276.0,1408990.8312027915,-4063420.7424352476
115,2021-03-15 00:22:30+00:00,7c6b2f,-35.340087890625,149.54458236694336,222.01343261344613,0.0,JST509,37075.0,3276.0,1407011.0418995884,-4064406.052641742
116,2021-03-15 00:22:40+00:00,7c6b2f,-35.3508849063162,149.52474391206783,221.58447378021864,0.0,JST509,37075.0,3276.0,1405077.1797934968,-4065370.73404864
117,2021-03-15 00:22:50+00:00,7c6b2f,-35.36100769042969,149.50607299804688,221.3006304139616,0.0,JST509,37075.0,3276.0,1403257.9652311357,-4066274.709509506
118,2021-03-15 00:23:00+00:00,7c6b2f,-35.37286376953125,149.48421478271484,221.3006304139616,0.0,JST509,37075.0,3276.0,1401128.498020091,-4067333.987368948
119,2021-03-15 00:23:10+00:00,7c6b2f,-35.38407665188032,149.46355941447806,221.3006304139616,0.0,JST509,37075.0,3276.0,1399116.4615342282,-4068336.3948050486
120,2021-03-15 00:23:20+00:00,7c6b2f,-35.394561767578125,149.4441032409668,221.3006304139616,0.0,JST509,37075.0,3276.0,1397222.6125472856,-4069272.5257484363
121,2021-03-15 00:23:30+00:00,7c6b2f,-35.405723442465614,149.42341256648936,220.58792440418165,-2.27584,JST509,37075.0,3276.0,1395208.795553394,-4070269.6769334837
122,2021-03-15 00:23:40+00:00,7c6b2f,-35.41621398925781,149.4040489196777,220.15859229908045,-4.55168,JST509,37075.0,3276.0,1393323.8592375596,-4071208.150947569
123,2021-03-15 00:23:50+00:00,7c6b2f,-35.42774963378906,149.38270568847656,219.16280470725616,-4.55168,JST509,37075.0,3276.0,1391246.9609409582,-4072239.9586975547
124,2021-03-15 00:24:00+00:00,7c6b2f,-35.437957763671875,149.36382293701172,219.16280470725616,-4.55168,JST509,37075.0,3276.0,1389409.7805974998,-4073153.4248396535
125,2021-03-15 00:24:10+00:00,7c6b2f,-35.44921875,149.34293746948242,219.16280470725616,-4.55168,JST509,37075.0,3276.0,1387378.5018757358,-4074160.877496366
126,2021-03-15 00:24:20+00:00,7c6b2f,-35.46006774902344,149.32279586791992,219.87531551947723,-4.8768,JST509,37075.0,3276.0,1385420.0660699294,-4075131.6292575914
127,2021-03-15 00:24:30+00:00,7c6b2f,-35.4709431276483,149.30256295711436,220.58792440418165,-4.8768,JST509,37075.0,3276.0,1383453.4034994303,-4076104.6504781325
128,2021-03-15 00:24:40+00:00,7c6b2f,-35.48213195800781,149.2818260192871,221.7301383708709,-4.8768,JST509,36900.0,3276.0,1381437.535039937,-4077106.979360747
129,2021-03-15 00:24:50+00:00,7c6b2f,-35.49247741699219,149.26265716552734,222.44275399844392,-4.8768,JST509,36750.0,3276.0,1379574.3895514314,-4078034.1641522236
130,2021-03-15 00:25:00+00:00,7c6b2f,-35.50392150878906,149.24131393432617,222.59023486765537,-5.20192,JST509,36575.0,3276.0,1377501.27180046,-4079058.6846811054
131,2021-03-15 00:25:10+00:00,7c6b2f,-35.51516775357521,149.2203992478391,222.59023486765537,-5.20192,JST509,36400.0,3276.0,1375469.7234562866,-4080066.5531236897
132,2021-03-15 00:25:20+00:00,7c6b2f,-35.526123046875,149.1998291015625,222.59023486765537,-5.20192,JST509,36225.0,3276.0,1373473.4147242047,-4081046.5860234825
133,2021-03-15 00:25:30+00:00,7c6b2f,-35.53732661877649,149.17902520362367,221.7301383708709,-4.22656,JST509,36075.0,3276.0,1371453.1271174687,-4082051.7672342667
134,2021-03-15 00:25:40+00:00,7c6b2f,-35.54736328125,149.1602897644043,221.4476768186658,-1.30048,JST509,36050.0,3276.0,1369634.7290620552,-4082951.5198671967
135,2021-03-15 00:25:50+00:00,7c6b2f,-35.55894470214844,149.1387176513672,221.4476768186658,-0.65024,JST509,36000.0,3276.0,1367541.043623191,-4083990.6663303794
136,2021-03-15 00:26:00+00:00,7c6b2f,-35.56919860839844,149.11954879760742,220.73544558976573,-0.32512,JST509,36000.0,3276.0,1365681.4317093715,-4084910.3037229446
137,2021-03-15 00:26:10+00:00,7c6b2f,-35.580294334282314,149.09878994556183,220.73544558976573,0.0,JST509,36000.0,3276.0,1363668.034146198,-4085905.6444256585
138,2021-03-15 00:26:20+00:00,7c6b2f,-35.59202549821242,149.0768757272274,220.02331449543505,0.0,JST509,36000.0,3276.0,1361542.732698349,-4086958.779821978
139,2021-03-15 00:26:30+00:00,7c6b2f,-35.60197448730469,149.05820846557617,220.02331449543505,0.0,JST509,36000.0,3276.0,1359733.231376696,-4087851.381151771
140,2021-03-15 00:26:40+00:00,7c6b2f,-35.6129740052304,149.03760544797208,219.31128451112207,0.0,JST509,36000.0,3276.0,1357736.177675305,-4088838.987432367
141,2021-03-15 00:26:50+00:00,7c6b2f,-35.62376403808594,149.0174102783203,219.31128451112207,0.0,JST509,36000.0,3276.0,1355778.8929407299,-4089808.330017963
142,2021-03-15 00:27:00+00:00,7c6b2f,-35.63476045252912,148.9967573449967,219.31128451112207,0.0,JST509,36000.0,3276.0,1353778.1003937542,-4090795.82817034
143,2021-03-15 00:27:10+00:00,7c6b2f,-35.645782470703125,148.97615432739258,219.31128451112207,0.0,JST509,36000.0,3276.0,1351781.8112150736,-4091787.072009818
144,2021-03-15 00:27:20+00:00,7c6b2f,-35.65589904785156,148.95709991455078,219.74227209108085,0.0,JST509,36000.0,3276.0,1349936.9018649226,-4092695.6838790015
145,2021-03-15 00:27:30+00:00,7c6b2f,-35.6671142578125,148.93604278564453,219.74227209108085,0.0,JST509,36000.0,3276.0,1347897.9709085904,-4093704.0706826025
146,2021-03-15 00:27:40+00:00,7c6b2f,-35.67723083496094,148.91693115234375,219.74227209108085,0.0,JST509,36000.0,3276.0,1346048.5603933923,-4094612.7694692337
147,2021-03-15 00:27:50+00:00,7c6b2f,-35.68913269042969,148.89461517333984,220.02331449543505,-0.32512,JST509,36000.0,3276.0,1343888.2856558717,-4095684.0541330106
148,2021-03-15 00:28:00+00:00,7c6b2f,-35.699095645193324,148.8759077356217,220.02331449543505,0.32512,JST509,36000.0,3276.0,1342077.8414776486,-4096580.8822454284
149,2021-03-15 00:28:10+00:00,7c6b2f,-35.709942316604895,148.85557134100733,220.02331449543505,0.0,JST509,36000.0,3276.0,1340109.8729674546,-4097557.947852693
150,2021-03-15 00:28:20+00:00,7c6b2f,-35.72120795815681,148.83441681557514,220.45411054604452,0.0,JST509,36000.0,3276.0,1338063.328497642,-4098572.80822636
151,2021-03-15 00:28:30+00:00,7c6b2f,-35.73161315917969,148.81484985351562,220.45411054604452,0.32512,JST509,36000.0,3276.0,1336170.8983657197,-4099510.2207968053
152,2021-03-15 00:28:40+00:00,7c6b2f,-35.743040957693324,148.7932180851064,220.45411054604452,0.32512,JST509,36000.0,3276.0,1334080.123989173,-4100538.6582778236
153,2021-03-15 00:28:50+00:00,7c6b2f,-35.75299072265625,148.77445220947266,220.88526455378687,0.0,JST509,36000.0,3276.0,1332266.19352148,-4101435.151136189
154,2021-03-15 00:29:00+00:00,7c6b2f,-35.764251708984375,148.75322341918945,220.88526455378687,0.0,JST509,36000.0,3276.0,1330214.4793203059,-4102450.2831568844
155,2021-03-15 00:29:10+00:00,7c6b2f,-35.77572062864141,148.73156608419217,220.88526455378687,0.0,JST509,36000.0,3276.0,1328121.9863789403,-4103484.1966800145
156,2021-03-15 00:29:20+00:00,7c6b2f,-35.78562927246094,148.7127685546875,220.88526455378687,0.0,JST509,36000.0,3276.0,1326306.7131937773,-4104376.884358796
157,2021-03-15 00:29:30+00:00,7c6b2f,-35.79689025878906,148.6914825439453,220.88526455378687,0.0,JST509,36000.0,3276.0,1324250.9565914338,-4105392.6100091296
158,2021-03-15 00:29:40+00:00,7c6b2f,-35.807469254833165,148.671491906998,220.88526455378687,0.0,JST509,36000.0,3276.0,1322320.6052825276,-4106347.2637172416
159,2021-03-15 00:29:50+00:00,7c6b2f,-35.81873489638508,148.65022050573472,220.88526455378687,0.0,JST509,36000.0,3276.0,1320266.8311096202,-4107364.457933859
160,2021-03-15 00:30:00+00:00,7c6b2f,-35.82865905761719,148.63140106201172,220.88526455378687,0.0,JST509,36000.0,3276.0,1318450.6629822215,-4108260.020365981
161,2021-03-15 00:30:10+00:00,7c6b2f,-35.84014892578125,148.60972303025267,220.6053202422596,0.0,JST509,36000.0,3276.0,1316358.2420551346,-4109298.434085351
162,2021-03-15 00:30:20+00:00,7c6b2f,-35.85113525390625,148.58888626098633,220.6053202422596,0.0,JST509,36000.0,3276.0,1314348.1325524033,-4110290.603461602
163,2021-03-15 00:30:30+00:00,7c6b2f,-35.86151640293963,148.5692255547706,220.6053202422596,0.0,JST509,36000.0,3276.0,1312451.6164962493,-4111228.778483604
164,2021-03-15 00:30:40+00:00,7c6b2f,-35.872735492253696,148.5480125914229,220.17361803549744,0.0,JST509,36000.0,3276.0,1310405.4921854602,-4112243.4389193584
165,2021-03-15 00:30:50+00:00,7c6b2f,-35.882418357719814,148.52960464802194,220.17361803549744,0.0,JST509,36000.0,3276.0,1308630.9082396366,-4113118.4547941657
166,2021-03-15 00:31:00+00:00,7c6b2f,-35.89414952164992,148.50763199177194,220.0142930177948,0.0,JST509,36000.0,3276.0,1306510.829500378,-4114182.4068402476
167,2021-03-15 00:31:10+00:00,7c6b2f,-35.90547180175781,148.48709106445312,219.75130473603028,0.0,JST509,36000.0,3276.0,1304524.7260751582,-4115216.6063399566
168,2021-03-15 00:31:20+00:00,7c6b2f,-35.91609191894531,148.46837997436523,219.36437483165383,0.0,JST509,36000.0,3276.0,1302711.9649237213,-4116192.786566502
169,2021-03-15 00:31:30+00:00,7c6b2f,-35.92840576171875,148.4469223022461,219.9571484002104,0.0,JST509,36000.0,3276.0,1300631.7831436328,-4117327.5181570724
170,2021-03-15 00:31:40+00:00,7c6b2f,-35.93842069981463,148.42950049867022,219.5374324570741,0.0,JST509,36000.0,3276.0,1298942.94340109,-4118251.030713458
171,2021-03-15 00:31:50+00:00,7c6b2f,-35.95074462890625,148.4080696105957,219.6603591597449,0.0,JST509,36000.0,3276.0,1296865.794790894,-4119387.9324789545
172,2021-03-15 00:32:00+00:00,7c6b2f,-35.96141052246094,148.3894157409668,219.491015755545,0.0,JST509,36000.0,3276.0,1295058.9196649592,-4120371.130710253
173,2021-03-15 00:32:10+00:00,7c6b2f,-35.97342798265362,148.36831600108047,219.491015755545,0.0,JST509,36000.0,3276.0,1293016.1045968723,-4121478.464110561
174,2021-03-15 00:32:20+00:00,7c6b2f,-35.98493957519531,148.3479881286621,219.491015755545,0.0,JST509,36000.0,3276.0,1291049.2378988506,-4122538.3802559967
175,2021-03-15 00:32:30+00:00,7c6b2f,-35.99530753442798,148.32963010098072,219.6199937620344,0.0,JST509,36000.0,3276.0,1289273.6421419948,-4123492.8182024653
176,2021-03-15 00:32:40+00:00,7c6b2f,-36.0076904296875,148.30764770507812,219.6199937620344,0.0,JST509,36000.0,3276.0,1287148.2969178322,-4124632.575622796
177,2021-03-15 00:32:50+00:00,7c6b2f,-36.018218994140625,148.28887939453125,219.6199937620344,0.0,JST509,36000.0,3276.0,1285334.595887571,-4125601.2135158246
178,2021-03-15 00:33:00+00:00,7c6b2f,-36.0296630859375,148.26844560339097,219.6199937620344,0.0,JST509,36000.0,3276.0,1283360.5416845432,-4126654.1104689436
179,2021-03-15 00:33:10+00:00,7c6b2f,-36.04134769762976,148.24764170545214,219.6199937620344,0.0,JST509,36000.0,3276.0,1281350.6967425814,-4127730.141336669
180,2021-03-15 00:33:20+00:00,7c6b2f,-36.05168151855469,148.22919845581055,219.6199937620344,0.0,JST509,36000.0,3276.0,1279569.5472877664,-4128681.661939376
181,2021-03-15 00:33:30+00:00,7c6b2f,-36.063553115068885,148.20802079870347,219.3275749533219,0.0,JST509,36000.0,3276.0,1277524.6259836748,-4129775.2712235716
182,2021-03-15 00:33:40+00:00,7c6b2f,-36.07388305664063,148.18960189819336,219.3275749533219,0.0,JST509,36000.0,3276.0,1275746.355650756,-4130727.289872996
183,2021-03-15 00:33:50+00:00,7c6b2f,-36.08619689941406,148.16757202148438,219.3275749533219,0.0,JST509,36000.0,3276.0,1273620.3725342688,-4131861.813218591
184,2021-03-15 00:34:00+00:00,7c6b2f,-36.09672546386719,148.14868927001953,219.3275749533219,0.0,JST509,36000.0,3276.0,1271798.7706985765,-4132831.7352357544
185,2021-03-15 00:34:10+00:00,7c6b2f,-36.1081501588983,148.1282530439661,219.3275749533219,0.0,JST509,36000.0,3276.0,1269827.2897494119,-4133885.128047762
186,2021-03-15 00:34:20+00:00,7c6b2f,-36.11956787109375,148.1078338623047,219.3275749533219,0.0,JST509,36000.0,3276.0,1267857.792258084,-4134938.310016598
187,2021-03-15 00:34:30+00:00,7c6b2f,-36.12984350172144,148.0893918301197,219.3275749533219,0.0,JST509,36000.0,3276.0,1266079.7697037088,-4135885.8177204835
188,2021-03-15 00:34:40+00:00,7c6b2f,-36.1417236328125,148.06812286376953,219.3275749533219,0.0,JST509,36000.0,3276.0,1264029.2084087192,-4136982.19810139
189,2021-03-15 00:34:50+00:00,7c6b2f,-36.15204891916051,148.04971248545547,219.75130473603028,0.0,JST509,36000.0,3276.0,1262254.052423416,-4137936.180186437
190,2021-03-15 00:35:00+00:00,7c6b2f,-36.16387939453125,148.02841186523438,219.75130473603028,0.0,JST509,36000.0,3276.0,1260202.0243831952,-4139027.547619988
191,2021-03-15 00:35:10+00:00,7c6b2f,-36.17550659179688,148.00752639770508,219.75130473603028,0.0,JST509,36000.0,3276.0,1258190.0429027104,-4140101.0636449764
192,2021-03-15 00:35:20+00:00,7c6b2f,-36.185799291578405,147.98905392910572,219.75130473603028,0.0,JST509,36000.0,3276.0,1256410.728348544,-4141051.8640496954
193,2021-03-15 00:35:30+00:00,7c6b2f,-36.19790287341101,147.96737346243353,219.4602668213884,0.0,JST509,36000.0,3276.0,1254322.5091799924,-4142170.7705019647
194,2021-03-15 00:35:40+00:00,7c6b2f,-36.20860988810915,147.94808895029922,219.4602668213884,0.0,JST509,36000.0,3276.0,1252466.140014222,-4143159.882584206
195,2021-03-15 00:35:50+00:00,7c6b2f,-36.22020139532577,147.92716817652925,219.4602668213884,0.0,JST509,36000.0,3276.0,1250452.9270330735,-4144230.6618176154
196,2021-03-15 00:36:00+00:00,7c6b2f,-36.23048400878906,147.90870666503906,219.4602668213884,0.0,JST509,36000.0,3276.0,1248676.0318098895,-4145181.831949289
197,2021-03-15 00:36:10+00:00,7c6b2f,-36.2423137082892,147.88737195603392,219.4602668213884,0.0,JST509,36000.0,3276.0,1246623.6236496626,-4146275.5542606455
198,2021-03-15 00:36:20+00:00,7c6b2f,-36.25373840332031,147.8668212890625,219.4602668213884,0.0,JST509,36000.0,3276.0,1244646.6572799413,-4147332.761937078
199,2021-03-15 00:36:30+00:00,7c6b2f,-36.26400705111229,147.84833542844083,219.4602668213884,0.0,JST509,36000.0,3276.0,1242868.7438670408,-4148283.1804623846
200,2021-03-15 00:36:40+00:00,7c6b2f,-36.2760640807071,147.82659652385306,219.4602668213884,0.0,JST509,36000.0,3276.0,1240778.5770739245,-4149399.195242356
201,2021-03-15 00:36:50+00:00,7c6b2f,-36.28653833421612,147.8076626392121,219.4602668213884,0.0,JST509,36000.0,3276.0,1238958.7788062857,-4150368.58007107
202,2021-03-15 00:37:00+00:00,7c6b2f,-36.29832458496094,147.78631210327148,219.4602668213884,0.0,JST509,36000.0,3276.0,1236907.3901615643,-4151459.341990177
203,2021-03-15 00:37:10+00:00,7c6b2f,-36.30972134864936,147.76576265375667,219.4602668213884,0.0,JST509,36000.0,3276.0,1234932.7095065648,-4152515.3973310557
204,2021-03-15 00:37:20+00:00,7c6b2f,-36.31977663201803,147.74764689993353,219.4602668213884,0.0,JST509,36000.0,3276.0,1233192.1023730435,-4153447.6172970654
205,2021-03-15 00:37:30+00:00,7c6b2f,-36.33183366161285,147.72590799534575,219.4602668213884,0.0,JST509,36000.0,3276.0,1231103.8701596807,-4154565.6534754043
206,2021-03-15 00:37:40+00:00,7c6b2f,-36.34184239274367,147.7077922415226,219.8849444979257,0.0,JST509,36000.0,3276.0,1229364.4652091777,-4155493.400274081
207,2021-03-15 00:37:50+00:00,7c6b2f,-36.35408563128976,147.6855858336104,219.8849444979257,0.0,JST509,36000.0,3276.0,1227232.9942494254,-4156628.2322308132
208,2021-03-15 00:38:00+00:00,7c6b2f,-36.36451333256093,147.66665194896942,219.8849444979257,0.0,JST509,36000.0,3276.0,1225416.1133010609,-4157594.9400895988
209,2021-03-15 00:38:10+00:00,7c6b2f,-36.37632751464844,147.645263671875,219.8849444979257,0.0,JST509,36000.0,3276.0,1223363.6715000845,-4158691.1956991176
210,2021-03-15 00:38:20+00:00,7c6b2f,-36.387451171875,147.62506484985352,219.8849444979257,0.0,JST509,36000.0,3276.0,1221426.1442435728,-4159723.172312651
211,2021-03-15 00:38:30+00:00,7c6b2f,-36.39817060050319,147.60564276512633,219.8849444979257,0.0,JST509,36000.0,3276.0,1219563.1796358577,-4160718.4174020025
212,2021-03-15 00:38:40+00:00,7c6b2f,-36.40976210771981,147.58466355344083,219.8849444979257,0.0,JST509,36000.0,3276.0,1217551.0772268653,-4161795.2441465836
213,2021-03-15 00:38:50+00:00,7c6b2f,-36.41999816894531,147.56601333618164,219.5952888889956,0.0,JST509,36000.0,3276.0,1215763.494719085,-4162745.288562835
214,2021-03-15 00:39:00+00:00,7c6b2f,-36.43153381347656,147.5449562072754,219.5952888889956,0.0,JST509,36000.0,3276.0,1213745.8376199466,-4163815.9579195613
215,2021-03-15 00:39:10+00:00,7c6b2f,-36.443115234375,147.52395629882812,219.5952888889956,0.0,JST509,36000.0,3276.0,1211733.1292573756,-4164892.643207732
216,2021-03-15 00:39:20+00:00,7c6b2f,-36.45355224609375,147.50490188598633,219.5952888889956,0.0,JST509,36000.0,3276.0,1209908.072443942,-4165862.0368626835
217,2021-03-15 00:39:30+00:00,7c6b2f,-36.46529892743644,147.4834490836935,219.5952888889956,0.0,JST509,36000.0,3276.0,1207853.7230688646,-4166953.4011148713
218,2021-03-15 00:39:40+00:00,7c6b2f,-36.47593688964844,147.46404647827148,219.5952888889956,0.0,JST509,36000.0,3276.0,1205995.885126933,-4167942.3642151807
219,2021-03-15 00:39:50+00:00,7c6b2f,-36.48727158368644,147.44336067362036,219.5952888889956,0.0,JST509,36000.0,3276.0,1204015.6225383324,-4168996.3608283033
220,2021-03-15 00:40:00+00:00,7c6b2f,-36.49772644042969,147.42433547973633,219.5952888889956,0.0,JST509,36000.0,3276.0,1202194.3054894388,-4169969.41635868
221,2021-03-15 00:40:10+00:00,7c6b2f,-36.50882526979609,147.40409039436503,219.5952888889956,0.0,JST509,36000.0,3276.0,1200256.8675651818,-4171002.313223564
222,2021-03-15 00:40:20+00:00,7c6b2f,-36.52033996582031,147.3830223083496,219.5952888889956,0.0,JST509,36000.0,3276.0,1198241.4679969798,-4172073.695676653
223,2021-03-15 00:40:30+00:00,7c6b2f,-36.53118896484375,147.36316680908203,219.3064574810448,0.0,JST509,36000.0,3276.0,1196342.456068386,-4173083.4594817623
224,2021-03-15 00:40:40+00:00,7c6b2f,-36.542948060116544,147.34167870054856,219.3064574810448,0.0,JST509,36000.0,3276.0,1194287.474514785,-4174178.6521136137
225,2021-03-15 00:40:50+00:00,7c6b2f,-36.55311584472656,147.32305526733398,219.3064574810448,0.0,JST509,36000.0,3276.0,1192507.0569528623,-4175125.5681963367
226,2021-03-15 00:41:00+00:00,7c6b2f,-36.564874164128696,147.30159029047542,219.73263686053656,0.0,JST509,36000.0,3276.0,1190454.9013798775,-4176221.6849327665
227,2021-03-15 00:41:10+00:00,7c6b2f,-36.576372566869736,147.28049420295878,219.73263686053656,0.0,JST509,36000.0,3276.0,1188439.0853062274,-4177292.982483422
228,2021-03-15 00:41:20+00:00,7c6b2f,-36.58675371590312,147.26138500457114,219.73263686053656,0.0,JST509,36000.0,3276.0,1186613.861245165,-4178259.942330502
229,2021-03-15 00:41:30+00:00,7c6b2f,-36.5980224609375,147.24071502685547,219.73263686053656,0.0,JST509,36000.0,3276.0,1184639.4520117883,-4179310.6449710443
230,2021-03-15 00:41:40+00:00,7c6b2f,-36.60836791992188,147.22166061401367,219.73263686053656,0.0,JST509,36000.0,3276.0,1182820.189349642,-4180274.8705064254
231,2021-03-15 00:41:50+00:00,7c6b2f,-36.61985778808594,147.20054626464844,219.73263686053656,0.0,JST509,36000.0,3276.0,1180804.3154593518,-4181346.5969994576
232,2021-03-15 00:42:00+00:00,7c6b2f,-36.63065247616527,147.18062380526928,219.73263686053656,0.0,JST509,36000.0,3276.0,1178903.134721255,-4182353.048711227
233,2021-03-15 00:42:10+00:00,7c6b2f,-36.64192199707031,147.15991973876953,219.4451922407656,0.0,JST509,36000.0,3276.0,1176927.1344178042,-4183405.0460520936
234,2021-03-15 00:42:20+00:00,7c6b2f,-36.65382385253906,147.13800430297852,219.4451922407656,0.0,JST509,36000.0,3276.0,1174836.241750114,-4184516.0328076854
235,2021-03-15 00:42:30+00:00,7c6b2f,-36.66398387844282,147.11932243184842,219.4451922407656,0.0,JST509,36000.0,3276.0,1173054.0196026326,-4185465.0198252015
236,2021-03-15 00:42:40+00:00,7c6b2f,-36.675201416015625,147.09857940673828,219.4451922407656,0.0,JST509,36000.0,3276.0,1171076.2568049533,-4186512.066550856
237,2021-03-15 00:42:50+00:00,7c6b2f,-36.685546875,147.0794677734375,219.4451922407656,0.0,JST509,36000.0,3276.0,1169254.2533156304,-4187478.2362229903
238,2021-03-15 00:43:00+00:00,7c6b2f,-36.69744873046875,147.05755233764648,219.4451922407656,0.0,JST509,36000.0,3276.0,1167164.8942790711,-4188590.834527681
239,2021-03-15 00:43:10+00:00,7c6b2f,-36.70867402674787,147.0368080950798,219.4451922407656,0.0,JST509,36000.0,3276.0,1165188.0455076036,-4189639.898082143
240,2021-03-15 00:43:20+00:00,7c6b2f,-36.71882629394531,147.0180702209473,219.4451922407656,0.0,JST509,36000.0,3276.0,1163402.571416797,-4190589.236474521
241,2021-03-15 00:43:30+00:00,7c6b2f,-36.73050702628444,146.99648593334442,219.4451922407656,0.0,JST509,36000.0,3276.0,1161346.4072940266,-4191681.664007489
242,2021-03-15 00:43:40+00:00,7c6b2f,-36.74061584472656,146.97772979736328,219.4451922407656,0.0,JST509,36000.0,3276.0,1159560.4619628715,-4192626.717253881
243,2021-03-15 00:43:50+00:00,7c6b2f,-36.752293473583165,146.95616377160906,219.4451922407656,0.0,JST509,36000.0,3276.0,1157506.7143845274,-4193719.764055062
244,2021-03-15 00:44:00+00:00,7c6b2f,-36.76240539550781,146.9373893737793,219.4451922407656,0.0,JST509,36000.0,3276.0,1155719.7628173465,-4194665.6822088575
245,2021-03-15 00:44:10+00:00,7c6b2f,-36.773614398503696,146.9166597406915,219.4451922407656,0.0,JST509,36000.0,3276.0,1153746.563410578,-4195715.351671392
246,2021-03-15 00:44:20+00:00,7c6b2f,-36.7855224609375,146.89464569091797,219.4451922407656,0.0,JST509,36000.0,3276.0,1151651.460421242,-4196830.991097984
247,2021-03-15 00:44:30+00:00,7c6b2f,-36.79586791992188,146.8755340576172,219.4451922407656,0.0,JST509,36000.0,3276.0,1149832.8410088795,-4197800.717755924
248,2021-03-15 00:44:40+00:00,7c6b2f,-36.80726623535156,146.85436248779297,219.15857820023143,0.0,JST509,36000.0,3276.0,1147819.2802946717,-4198868.469328218
249,2021-03-15 00:44:50+00:00,7c6b2f,-36.81783902443061,146.83478822099403,219.15857820023143,0.0,JST509,36000.0,3276.0,1145957.5883492038,-4199859.836624762
250,2021-03-15 00:45:00+00:00,7c6b2f,-36.82924432269601,146.81363369556183,219.15857820023143,0.0,JST509,36000.0,3276.0,1143946.2115457186,-4200929.301743677
251,2021-03-15 00:45:10+00:00,7c6b2f,-36.84064962096136,146.7924207322141,219.15857820023143,0.0,JST509,36000.0,3276.0,1141930.023941383,-4201998.643426902
252,2021-03-15 00:45:20+00:00,7c6b2f,-36.8507080078125,146.77366216131983,219.15857820023143,0.0,JST509,36000.0,3276.0,1140147.746220416,-4202941.580188208
253,2021-03-15 00:45:30+00:00,7c6b2f,-36.86210632324219,146.75244919797208,219.15857820023143,0.0,JST509,36000.0,3276.0,1138132.369453672,-4204010.920188942
254,2021-03-15 00:45:40+00:00,7c6b2f,-36.872406005859375,146.73322312375333,219.5862498263596,0.0,JST509,36000.0,3276.0,1136306.4456566751,-4204977.021223319
255,2021-03-15 00:45:50+00:00,7c6b2f,-36.88421630859375,146.71119202958778,219.5862498263596,0.0,JST509,36000.0,3276.0,1134214.4279388473,-4206085.363969101
256,2021-03-15 00:46:00+00:00,7c6b2f,-36.894287109375,146.69237502077794,219.5862498263596,0.0,JST509,36000.0,3276.0,1132428.128267038,-4207030.533192884
257,2021-03-15 00:46:10+00:00,7c6b2f,-36.9058693061441,146.6707644255265,219.3010269452085,0.0,JST509,36000.0,3276.0,1130376.8269018026,-4208118.221670136
258,2021-03-15 00:46:20+00:00,7c6b2f,-36.91703796386719,146.6498906561669,219.3010269452085,0.0,JST509,36000.0,3276.0,1128396.056514778,-4209167.164046174
259,2021-03-15 00:46:30+00:00,7c6b2f,-36.927516096729335,146.63028219471806,219.3010269452085,0.0,JST509,36000.0,3276.0,1126535.8472311501,-4210151.386621452
260,2021-03-15 00:46:40+00:00,7c6b2f,-36.93887484275689,146.60896632982335,219.3010269452085,0.0,JST509,36000.0,3276.0,1124514.38964734,-4211218.188216281
261,2021-03-15 00:46:50+00:00,7c6b2f,-36.94894409179688,146.5901671064661,219.3010269452085,0.0,JST509,36000.0,3276.0,1122731.3432259015,-4212165.090410548
262,2021-03-15 00:47:00+00:00,7c6b2f,-36.96052163334218,146.56848409901494,219.3010269452085,0.0,JST509,36000.0,3276.0,1120675.5611046657,-4213253.622714426
263,2021-03-15 00:47:10+00:00,7c6b2f,-36.97169494628906,146.5476243039395,219.3010269452085,0.0,JST509,36000.0,3276.0,1118697.8178676628,-4214305.142130871
264,2021-03-15 00:47:20+00:00,7c6b2f,-36.98216842392748,146.52800186820653,219.3010269452085,0.0,JST509,36000.0,3276.0,1116838.1433311808,-4215290.54386155
265,2021-03-15 00:47:30+00:00,7c6b2f,-36.99352716995497,146.5066860033118,219.3010269452085,0.0,JST509,36000.0,3276.0,1114818.5583766662,-4216359.321832862
266,2021-03-15 00:47:40+00:00,7c6b2f,-37.00401306152344,146.48702418550533,219.3010269452085,-0.32512,JST509,36000.0,3276.0,1112955.9384604255,-4217346.477798938
267,2021-03-15 00:47:50+00:00,7c6b2f,-37.01512740830248,146.46614406419835,219.3010269452085,0.0,JST509,36000.0,3276.0,1110978.503430398,-4218392.82698028
268,2021-03-15 00:48:00+00:00,7c6b2f,-37.02536890062237,146.4468582816746,219.3010269452085,-3.2512000000000003,JST509,35925.0,3276.0,1109152.6574760077,-4219356.9503286285
269,2021-03-15 00:48:10+00:00,7c6b2f,-37.03696040783899,146.4250647503397,219.3010269452085,-6.502400000000001,JST509,35625.0,3276.0,1107089.5768589955,-4220448.8721743
270,2021-03-15 00:48:20+00:00,7c6b2f,-37.048319153866544,146.4036294688349,219.3010269452085,-6.502400000000001,JST509,35400.0,3276.0,1105061.270159805,-4221518.586872895
271,2021-03-15 00:48:30+00:00,7c6b2f,-37.05830383300781,146.38487470910906,217.1617966946103,-6.827520000000001,JST509,35175.0,3276.0,1103286.42093226,-4222460.009300578
272,2021-03-15 00:48:40+00:00,7c6b2f,-37.069640078787074,146.36344577955165,215.0234381705593,-7.477760000000001,JST509,34950.0,3276.0,1101259.660869183,-4223528.065408553
273,2021-03-15 00:48:50+00:00,7c6b2f,-37.07960225768011,146.34457795516303,214.59407279834303,-10.40384,JST509,34650.0,3276.0,1099475.6654115377,-4224466.687145109
274,2021-03-15 00:49:00+00:00,7c6b2f,-37.09021616790256,146.32457567297894,214.59407279834303,-14.305280000000002,JST509,34250.0,3276.0,1097584.1603300916,-4225467.939852907
275,2021-03-15 00:49:10+00:00,7c6b2f,-37.10171457064354,146.3029015582541,214.59407279834303,-14.630400000000002,JST509,33775.0,3276.0,1095534.9746118062,-4226552.994942793
276,2021-03-15 00:49:20+00:00,7c6b2f,-37.11130433163402,146.2847502335258,215.73612588643124,-15.280640000000002,JST509,33300.0,3276.0,1093819.5935407837,-4227457.612061889
277,2021-03-15 00:49:30+00:00,7c6b2f,-37.12266540527344,146.26326540683178,216.7330042825704,-15.280640000000002,JST509,32800.0,3276.0,1091789.4344811104,-4228529.87141983
278,2021-03-15 00:49:40+00:00,7c6b2f,-37.13304422669495,146.24373062797216,217.59096039857016,-15.280640000000002,JST509,32300.0,3276.0,1089943.352588627,-4229510.592214156
279,2021-03-15 00:49:50+00:00,7c6b2f,-37.14408874511719,146.22288480718086,218.7330952275746,-15.280640000000002,JST509,31850.0,3276.0,1087974.0689359168,-4230554.092318993
280,2021-03-15 00:50:00+00:00,7c6b2f,-37.154691017280186,146.20271102241847,219.44579524387268,-16.581120000000002,JST509,31350.0,3276.0,1086069.5563526177,-4231554.771634958
281,2021-03-15 00:50:10+00:00,7c6b2f,-37.16604976330774,146.18127574091372,220.58792440418165,-16.581120000000002,JST509,30800.0,3276.0,1084045.322248449,-4232628.79075364
282,2021-03-15 00:50:20+00:00,7c6b2f,-37.177642822265625,146.15924591713764,221.58447378021864,-16.90624,JST509,30250.0,3276.0,1081966.2212331775,-4233724.081062426
283,2021-03-15 00:50:30+00:00,7c6b2f,-37.18757629394531,146.14054578415892,222.44275399844392,-16.90624,JST509,29700.0,3276.0,1080200.6936104123,-4234664.437529653
284,2021-03-15 00:50:40+00:00,7c6b2f,-37.199066162109375,146.11880687957114,223.155465900738,-18.531840000000003,JST509,29125.0,3276.0,1078149.2649014648,-4235751.591541223
285,2021-03-15 00:50:50+00:00,7c6b2f,-37.20971576238082,146.0985797384511,224.7272523635645,-18.531840000000003,JST509,28550.0,3276.0,1076241.3003927444,-4236758.952928361
286,2021-03-15 00:51:00+00:00,7c6b2f,-37.221038818359375,146.0770237699468,225.86962460354584,-18.85696,JST509,27950.0,3276.0,1074208.6545177451,-4237829.996627646
287,2021-03-15 00:51:10+00:00,7c6b2f,-37.232898776814125,146.054455301036,226.5820695042624,-20.15744,JST509,27350.0,3276.0,1072080.9024661758,-4238952.355950901
288,2021-03-15 00:51:20+00:00,7c6b2f,-37.24324035644531,146.034773156998,228.00724518523376,-20.15744,JST509,26700.0,3276.0,1070225.642779677,-4239931.372769953
289,2021-03-15 00:51:30+00:00,7c6b2f,-37.25529040320447,146.01206240446672,228.4368872471105,-20.15744,JST509,26025.0,3276.0,1068084.0666055083,-4241074.461209298
290,2021-03-15 00:51:40+00:00,7c6b2f,-37.26622009277344,145.99135378573803,228.4368872471105,-17.881600000000002,JST509,25475.0,3276.0,1066132.2895861545,-4242110.744970638
291,2021-03-15 00:51:50+00:00,7c6b2f,-37.27772858183266,145.96949038298234,228.4368872471105,-17.881600000000002,JST509,24925.0,3276.0,1064072.3971820585,-4243201.832124385
292,2021-03-15 00:52:00+00:00,7c6b2f,-37.28874206542969,145.94840191780253,227.72443440827792,-16.90624,JST509,24375.0,3276.0,1062086.8235827168,-4244244.993622501
293,2021-03-15 00:52:10+00:00,7c6b2f,-37.300213312698645,145.9265601116678,227.01207723050243,-16.90624,JST509,23875.0,3276.0,1060030.036335262,-4245332.976281675
294,2021-03-15 00:52:20+00:00,7c6b2f,-37.31158447265625,145.9048072327959,226.1524143988284,-16.90624,JST509,23325.0,3276.0,1057982.588808641,-4246411.033742634
295,2021-03-15 00:52:30+00:00,7c6b2f,-37.32232562566208,145.88440604831862,225.7231139278003,-16.90624,JST509,22775.0,3276.0,1056061.9248223212,-4247430.983654171
296,2021-03-15 00:52:40+00:00,7c6b2f,-37.333963685116544,145.8623736837636,225.0103016963704,-17.231360000000002,JST509,22225.0,3276.0,1053987.6922435341,-4248537.130684438
297,2021-03-15 00:52:50+00:00,7c6b2f,-37.344635009765625,145.8421033494016,224.297584,-16.90624,JST509,21675.0,3276.0,1052080.0898770017,-4249551.207534294
298,2021-03-15 00:53:00+00:00,7c6b2f,-37.355936341366544,145.82051816193953,224.01481553433229,-17.231360000000002,JST509,21150.0,3276.0,1050049.7854983162,-4250624.568472201
299,2021-03-15 00:53:10+00:00,7c6b2f,-37.367481296345375,145.7986649222996,223.58496174273225,-17.881600000000002,JST509,20600.0,3276.0,1047993.5915477341,-4251723.144647649
300,2021-03-15 00:53:20+00:00,7c6b2f,-37.377862445378696,145.77884176503056,222.87243584005083,-17.881600000000002,JST509,20050.0,3276.0,1046129.7165252398,-4252709.905287397
301,2021-03-15 00:53:30+00:00,7c6b2f,-37.38899230957031,145.75754368558844,219.16280470725616,-17.55648,JST509,19475.0,3276.0,1044127.7799808094,-4253767.849573894
302,2021-03-15 00:53:40+00:00,7c6b2f,-37.399017333984375,145.73837604928525,213.3162997719245,-16.90624,JST509,18950.0,3276.0,1042326.337090362,-4254721.256531326
303,2021-03-15 00:53:50+00:00,7c6b2f,-37.4100300417108,145.71740191915762,207.3215702670076,-17.231360000000002,JST509,18375.0,3276.0,1040355.0256334988,-4255769.65290381
304,2021-03-15 00:54:00+00:00,7c6b2f,-37.41998291015625,145.69834607712767,205.4667696779392,-16.581120000000002,JST509,17850.0,3276.0,1038564.8797753806,-4256716.665445235
305,2021-03-15 00:54:10+00:00,7c6b2f,-37.430511474609375,145.67824343417553,204.75452849527204,-16.581120000000002,JST509,17325.0,3276.0,1036676.4291051169,-4257719.266760246
306,2021-03-15 00:54:20+00:00,7c6b2f,-37.440032958984375,145.65849141871675,204.57090602685065,-16.256,JST509,16850.0,3276.0,1034829.7546811042,-4258613.331889387
307,2021-03-15 00:54:30+00:00,7c6b2f,-37.446624755859375,145.6384472136802,204.20575777831007,-15.93088,JST509,16300.0,3276.0,1032987.7289025341,-4259180.127765284
308,2021-03-15 00:54:40+00:00,7c6b2f,-37.448822021484375,145.61547984247622,204.12798238927832,-15.60576,JST509,15825.0,3276.0,1030932.4311624527,-4259235.437339169
309,2021-03-15 00:54:50+00:00,7c6b2f,-37.448822021484375,145.5925150120512,203.24705220300024,-15.60576,JST509,15300.0,3276.0,1028899.9768556504,-4259047.233188274
310,2021-03-15 00:55:00+00:00,7c6b2f,-37.448822021484375,145.56914619777513,202.24193229975745,-15.93088,JST509,14800.0,3276.0,1026831.733533167,-4258856.099526496
311,2021-03-15 00:55:10+00:00,7c6b2f,-37.448822021484375,145.5458815554355,201.7151914619083,-15.93088,JST509,14300.0,3276.0,1024772.6746183987,-4258666.199916909
312,2021-03-15 00:55:20+00:00,7c6b2f,-37.448822021484375,145.52361670960772,201.17983639959667,-15.93088,JST509,13800.0,3276.0,1022802.0707393821,-4258484.818193301
313,2021-03-15 00:55:30+00:00,7c6b2f,-37.448822021484375,145.50048164699388,200.1425191910444,-15.93088,JST509,13275.0,3276.0,1020754.4122150668,-4258296.717068215
314,2021-03-15 00:55:40+00:00,7c6b2f,-37.448822021484375,145.47972983502328,199.62084489446084,-14.955520000000002,JST509,12800.0,3276.0,1018917.6631070713,-4258128.313828708
315,2021-03-15 00:55:50+00:00,7c6b2f,-37.448822021484375,145.45541966215094,198.08499046705305,-15.60576,JST509,12325.0,3276.0,1016765.9270734667,-4257931.419869898
316,2021-03-15 00:56:00+00:00,7c6b2f,-37.448822021484375,145.43479107795878,198.08499046705305,-15.60576,JST509,11750.0,3276.0,1014940.0250664082,-4257764.670445806
317,2021-03-15 00:56:10+00:00,7c6b2f,-37.44854736328125,145.41147434965094,198.08499046705305,-15.93088,JST509,11275.0,3276.0,1012878.9304638009,-4257546.059065862
318,2021-03-15 00:56:20+00:00,7c6b2f,-37.448272705078125,145.38827449717422,197.05622804159125,-15.93088,JST509,10775.0,3276.0,1010828.1352128908,-4257328.769692645
319,2021-03-15 00:56:30+00:00,7c6b2f,-37.44801666777016,145.3669141686481,196.5418473218632,-17.55648,JST509,10225.0,3276.0,1008939.9395630385,-4257128.693103507
320,2021-03-15 00:56:40+00:00,7c6b2f,-37.447737354343246,145.34386676290762,196.5418473218632,-16.581120000000002,JST509,9600.0,3276.0,1006902.5979779161,-4256912.834544254
321,2021-03-15 00:56:50+00:00,7c6b2f,-37.44749450683594,145.32340841090425,193.9699487578409,-16.581120000000002,JST509,9050.0,3276.0,1005094.034273323,-4256722.102334235
322,2021-03-15 00:57:00+00:00,7c6b2f,-37.447178727489415,145.29998115871263,193.9699487578409,-12.35456,JST509,8650.0,3276.0,1003023.3470083519,-4256499.867592157
323,2021-03-15 00:57:10+00:00,7c6b2f,-37.4468994140625,145.27695026803525,191.9124361100954,-12.35456,JST509,8150.0,3276.0,1000987.3356805877,-4256285.2242583325
324,2021-03-15 00:57:20+00:00,7c6b2f,-37.44671630859375,145.25749044215425,190.876056231882,-12.35456,JST509,7725.0,3276.0,999266.4563452466,-4256110.026607777
325,2021-03-15 00:57:30+00:00,7c6b2f,-37.44644165039063,145.23534247215758,186.76867987773133,-8.128,JST509,7425.0,3276.0,997308.4806352406,-4255903.594240875
326,2021-03-15 00:57:40+00:00,7c6b2f,-37.4461669921875,145.21570733252992,182.14877669541085,-4.8768,JST509,7250.0,3276.0,995572.9246563469,-4255717.411017233
327,2021-03-15 00:57:50+00:00,7c6b2f,-37.44584655761719,145.19472812084442,175.46236162605038,-3.2512000000000003,JST509,7125.0,3276.0,993718.7958798761,-4255515.786992604
328,2021-03-15 00:58:00+00:00,7c6b2f,-37.44552612304688,145.17526829496344,170.3190379247046,-2.92608,JST509,7025.0,3276.0,991999.1437860599,-4255326.464621175
329,2021-03-15 00:58:10+00:00,7c6b2f,-37.44525146484375,145.15639284823803,164.14714183419753,-2.92608,JST509,6950.0,3276.0,990330.7423079548,-4255147.096169479
330,2021-03-15 00:58:20+00:00,7c6b2f,-37.44493103027344,145.13669927069483,159.51829248959905,-4.22656,JST509,6825.0,3276.0,988590.3268190693,-4254956.458718753
331,2021-03-15 00:58:30+00:00,7c6b2f,-37.44461835440944,145.12031886888587,155.90709003440455,-4.8768,JST509,6675.0,3276.0,987143.1401568981,-4254792.976124936
332,2021-03-15 00:58:40+00:00,7c6b2f,-37.4443359375,145.10268840383978,151.27802929258496,-4.22656,JST509,6525.0,3276.0,985584.9508765566,-4254623.237679268
333,2021-03-15 00:58:50+00:00,7c6b2f,-37.44410627979346,145.08712105129075,148.19202126196026,-5.8521600000000005,JST509,6375.0,3276.0,984208.8834537498,-4254475.732243622
334,2021-03-15 00:59:00+00:00,7c6b2f,-37.44410627979346,145.06949566780253,146.64902760066465,-8.45312,JST509,6125.0,3276.0,982648.3217147845,-4254337.806455693
335,2021-03-15 00:59:10+00:00,7c6b2f,-37.44410627979346,145.05260965098506,146.12473702738222,-8.45312,JST509,5850.0,3276.0,981153.2058023752,-4254205.871802912
336,2021-03-15 00:59:20+00:00,7c6b2f,-37.44410627979346,145.03648840862772,145.61037301855075,-8.77824,JST509,5600.0,3276.0,979725.7877588052,-4254080.099976269
337,2021-03-15 00:59:30+00:00,7c6b2f,-37.44410627979346,145.01988187749336,142.5344136537736,-8.77824,JST509,5350.0,3276.0,978255.3840876846,-4253950.733573297
338,2021-03-15 00:59:40+00:00,7c6b2f,-37.44410627979346,145.0049217711104,139.97509811686322,-5.20192,JST509,5000.0,3276.0,976930.746325576,-4253834.359333504
339,2021-03-15 00:59:50+00:00,7c6b2f,-37.44410627979346,144.988559154754,137.39122524064337,-5.20192,JST509,4675.0,3276.0,975481.907922299,-4253707.255564423
340,2021-03-15 01:00:00+00:00,7c6b2f,-37.44410627979346,144.97313154504656,137.12440018303718,-5.20192,JST509,4375.0,3276.0,974115.8451380917,-4253587.587648832
341,2021-03-15 01:00:10+00:00,7c6b2f,-37.44410627979346,144.9577039353391,136.857575125431,-5.20192,JST509,4075.0,3276.0,972749.7676735453,-4253468.08743426
342,2021-03-15 01:00:20+00:00,7c6b2f,-37.44410627979346,144.94197016176972,135.30268406511576,-5.20192,JST509,3850.0,3276.0,971356.5650418551,-4253346.3884430975
343,2021-03-15 01:00:30+00:00,7c6b2f,-37.44410627979346,144.92740133534306,131.601170400038,-5.20192,JST509,3725.0,3276.0,970066.5031986085,-4253233.855721571
344,2021-03-15 01:00:40+00:00,7c6b2f,-37.44625854492188,144.91223923703458,126.03038063441414,-4.8768,JST509,3550.0,3276.0,968703.0856666482,-4253355.93212426
345,2021-03-15 01:00:50+00:00,7c6b2f,-37.448089599609375,144.89938289561172,121.70705670889392,-3.90144,JST509,3400.0,3276.0,967546.9833118091,-4253460.252820216
346,2021-03-15 01:01:00+00:00,7c6b2f,-37.450018413996304,144.88596377165422,115.632089530584,-3.90144,JST509,3275.0,3276.0,966340.1365726759,-4253571.224981581
347,2021-03-15 01:01:10+00:00,7c6b2f,-37.45188903808594,144.87302739569483,112.91664940957588,-3.90144,JST509,3150.0,3276.0,965176.6305804244,-4253679.573938917
348,2021-03-15 01:01:20+00:00,7c6b2f,-37.45355638407045,144.8611251167629,110.20394344600852,-2.27584,JST509,3075.0,3276.0,964106.6777818856,-4253773.4009728525
349,2021-03-15 01:01:30+00:00,7c6b2f,-37.455278816869736,144.84846695609716,108.00138877134896,-3.2512000000000003,JST509,2950.0,3276.0,962969.2923593228,-4253867.658198497
350,2021-03-15 01:01:40+00:00,7c6b2f,-37.456768488479895,144.83730150305706,105.80300991557154,-1.30048,JST509,2875.0,3276.0,961966.3410188685,-4253947.605009798
351,2021-03-15 01:01:50+00:00,7c6b2f,-37.45844436904133,144.82535984205165,102.1064428534438,-1.6256000000000002,JST509,2825.0,3276.0,960892.8971064001,-4254042.390647351
352,2021-03-15 01:02:00+00:00,7c6b2f,-37.46081853317003,144.81491088867188,98.30727367880422,-0.97536,JST509,2800.0,3276.0,959944.9568899812,-4254226.243785105
353,2021-03-15 01:02:10+00:00,7c6b2f,-37.46682377184851,144.81222401494566,92.6027779781183,-1.6256000000000002,JST509,2750.0,3276.0,959649.5243079596,-4254872.760301073
354,2021-03-15 01:02:20+00:00,7c6b2f,-37.47492386122883,144.81222401494566,90.27576120761312,-0.65024,JST509,2725.0,3276.0,959571.9222521927,-4255772.507912426
355,2021-03-15 01:02:30+00:00,7c6b2f,-37.48255842823096,144.81222401494566,90.27576120761312,0.0,JST509,2700.0,3276.0,959498.7780653868,-4256620.569303488
356,2021-03-15 01:02:40+00:00,7c6b2f,-37.4908447265625,144.81222401494566,90.55675770702094,0.32512,JST509,2700.0,3276.0,959419.3876431831,-4257541.051912308
357,2021-03-15 01:02:50+00:00,7c6b2f,-37.498443603515625,144.81222401494566,91.31199855949754,-0.32512,JST509,2700.0,3276.0,959346.5813228469,-4258385.195951618
358,2021-03-15 01:03:00+00:00,7c6b2f,-37.50709145756093,144.81222401494566,90.8703839634913,0.65024,JST509,2700.0,3276.0,959263.7221810413,-4259345.89620861
359,2021-03-15 01:03:10+00:00,7c6b2f,-37.51533508300781,144.81222401494566,91.45101275178276,0.0,JST509,2700.0,3276.0,959184.7337943693,-4260261.717465281
360,2021-03-15 01:03:20+00:00,7c6b2f,-37.52315197960809,144.81222401494566,91.45101275178276,-0.97536,JST509,2675.0,3276.0,959109.8320991427,-4261130.15607429
361,2021-03-15 01:03:30+00:00,7c6b2f,-37.53139172570184,144.81222401494566,94.14465757420672,-5.8521600000000005,JST509,2525.0,3276.0,959030.876414568,-4262045.598170463
362,2021-03-15 01:03:40+00:00,7c6b2f,-37.53963147179559,144.81377643087637,92.61849528137006,-5.8521600000000005,JST509,2325.0,3276.0,959089.2645019271,-4262972.913659542
363,2021-03-15 01:03:50+00:00,7c6b2f,-37.54829406738281,144.81534917303858,92.61849528137006,-5.20192,JST509,2150.0,3276.0,959145.3723527625,-4263947.39292396
364,2021-03-15 01:04:00+00:00,7c6b2f,-37.556671142578125,144.81692699675864,92.61849528137006,-3.90144,JST509,2000.0,3276.0,959204.6403325853,-4264890.215367217
365,2021-03-15 01:04:10+00:00,7c6b2f,-37.56459045410156,144.81844638256317,86.28561735801601,-3.90144,JST509,1875.0,3276.0,959263.1031219584,-4265781.754643108
366,2021-03-15 01:04:20+00:00,7c6b2f,-37.5724507994571,144.81986667798913,81.62979784604522,-4.22656,JST509,1750.0,3276.0,959313.3440361563,-4266666.009770651
367,2021-03-15 01:04:30+00:00,7c6b2f,-37.57887268066406,144.8210760887633,76.39103659755378,-4.22656,JST509,1600.0,3276.0,959358.7107889919,-4267388.83601005
368,2021-03-15 01:04:40+00:00,7c6b2f,-37.58548542604609,144.82225501019022,69.69909368435444,-3.90144,JST509,1475.0,3276.0,959399.5351099514,-4268132.654949068
369,2021-03-15 01:04:50+00:00,7c6b2f,-37.59127807617188,144.82335516747008,66.06150054648047,-3.90144,JST509,1350.0,3276.0,959441.2475754229,-4268784.756305255
370,2021-03-15 01:05:00+00:00,7c6b2f,-37.59732055664063,144.82452392578125,65.5527630179021,-2.92608,JST509,1225.0,3276.0,959486.6160666087,-4269465.157516934
371,2021-03-15 01:05:10+00:00,7c6b2f,-37.603363037109375,144.82563424617686,64.96879852737054,-3.2512000000000003,JST509,1125.0,3276.0,959526.8039319554,-4270145.126836418
372,2021-03-15 01:05:20+00:00,7c6b2f,-37.60871499271718,144.82661371645722,64.53555938173336,-2.27584,JST509,1025.0,3276.0,959562.0376778109,-4270747.372006403
373,2021-03-15 01:05:30+00:00,7c6b2f,-37.60871499271718,144.82661371645722,64.53555938173336,-2.27584,JST509,925.0,3276.0,959562.0376778109,-4270747.372006403
374,2021-03-15 01:05:40+00:00,7c6b2f,-37.60871499271718,144.82661371645722,64.53555938173336,-3.2512000000000003,JST509,800.0,3276.0,959562.0376778109,-4270747.372006403
375,2021-03-15 01:05:50+00:00,7c6b2f,-37.60871499271718,144.82661371645722,64.45964844331064,-2.60096,JST509,700.0,3276.0,959562.0376778109,-4270747.372006403
376,2021-03-15 01:06:00+00:00,7c6b2f,-37.60871499271718,144.82661371645722,64.45964844331064,-3.2512000000000003,JST509,575.0,3276.0,959562.0376778109,-4270747.372006403
377,2021-03-15 01:06:10+00:00,7c6b2f,-37.60871499271718,144.82661371645722,64.45964844331064,-3.2512000000000003,JST509,450.0,3276.0,959562.0376778109,-4270747.372006403
378,2021-03-15 01:06:20+00:00,7c6b2f,-37.60871499271718,144.82661371645722,64.45964844331064,-3.2512000000000003,JST509,350.0,3276.0,959562.0376778109,-4270747.372006403
379,2021-03-15 01:06:30+00:00,7c6b2f,-37.60871499271718,144.82661371645722,64.45964844331064,-2.92608,JST509,250.0,3276.0,959562.0376778109,-4270747.372006403
380,2021-03-15 01:06:40+00:00,7c6b2f,-37.60871499271718,144.82661371645722,64.45964844331064,-2.92608,JST509,125.0,3276.0,959562.0376778109,-4270747.372006403
