,timestamp,icao24,latitude,longitude,groundspeed,vertical_rate,callsign,altitude,squawk,x,y
0,2022-01-10 20:12:00+00:00,7c77f9,-33.92903990664723,151.1880111694336,79.1943053840674,11.70432,QFA409,1100.0,4035.0,1576148.5269590707,-3929247.339464588
1,2022-01-10 20:12:10+00:00,7c77f9,-33.92903990664723,151.19436264038086,79.1943053840674,12.67968,QFA409,1575.0,4035.0,1576727.3215652714,-3929327.013213493
2,2022-01-10 20:12:20+00:00,7c77f9,-33.9312744140625,151.20271682739258,79.1943053840674,13.0048,QFA409,1950.0,4035.0,1577454.9642964099,-3929676.1297902735
3,2022-01-10 20:12:30+00:00,7c77f9,-33.9312744140625,151.21049530652104,82.44597095509897,6.1772800000000005,QFA409,2375.0,4035.0,1578163.7717045601,-3929773.7890175544
4,2022-01-10 20:12:40+00:00,7c77f9,-33.93507385253906,151.21862294722578,86.5489919933522,6.1772800000000005,QFA409,2700.0,4035.0,1578847.1225297598,-3930291.228403327
5,2022-01-10 20:12:50+00:00,7c77f9,-33.93827819824219,151.2275353256537,95.44010786667651,5.20192,QFA409,2900.0,4035.0,1579610.8885792966,-3930753.5203892807
6,2022-01-10 20:13:00+00:00,7c77f9,-33.9407958984375,151.23779296875,100.94251272068244,9.42848,QFA409,3200.0,4035.0,1580507.5278415421,-3931157.720716703
7,2022-01-10 20:13:10+00:00,7c77f9,-33.94207453323622,151.2491798400879,107.72658811831738,9.42848,QFA409,3425.0,4035.0,1581525.7040376521,-3931440.751605577
8,2022-01-10 20:13:20+00:00,7c77f9,-33.94157409667969,151.26144720583545,115.01591919105354,9.42848,QFA409,3725.0,4035.0,1582650.9441044382,-3931540.4807933066
9,2022-01-10 20:13:30+00:00,7c77f9,-33.94091072729077,151.27384185791016,121.62222143863887,9.10336,QFA409,4050.0,4035.0,1583790.2403632263,-3931624.1139180115
10,2022-01-10 20:13:40+00:00,7c77f9,-33.94030554819915,151.2879753112793,129.78678877007525,9.10336,QFA409,4350.0,4035.0,1585087.0741313056,-3931736.1517697913
11,2022-01-10 20:13:50+00:00,7c77f9,-33.93970036910753,151.30279541015625,137.51926255183412,6.502400000000001,QFA409,4625.0,4035.0,1586446.4610904397,-3931857.004482567
12,2022-01-10 20:14:00+00:00,7c77f9,-33.939056396484375,151.31789226921236,143.22346397047596,5.52704,QFA409,4825.0,4035.0,1587831.6442255622,-3931977.275007363
13,2022-01-10 20:14:10+00:00,7c77f9,-33.9383503542108,151.33352279663086,147.87468844383747,5.8521600000000005,QFA409,4875.0,4035.0,1589266.3830990754,-3932097.677396872
14,2022-01-10 20:14:20+00:00,7c77f9,-33.93765207064354,151.34937286376953,150.95666474771917,5.8521600000000005,QFA409,5000.0,4035.0,1590720.9997558699,-3932221.8866213285
15,2022-01-10 20:14:30+00:00,7c77f9,-33.93686068260064,151.36619567871094,153.498400380424,10.72896,QFA409,5300.0,4035.0,1592265.6461209462,-3932348.4287221017
16,2022-01-10 20:14:40+00:00,7c77f9,-33.93617248535156,151.3828573421556,157.12116947895728,6.1772800000000005,QFA409,5725.0,4035.0,1593794.0357211677,-3932484.414302319
17,2022-01-10 20:14:50+00:00,7c77f9,-33.93541756322827,151.39944076538086,161.77198531301195,6.1772800000000005,QFA409,6025.0,4035.0,1595316.3056752956,-3932612.317956447
18,2022-01-10 20:15:00+00:00,7c77f9,-33.93462617518537,151.41803741455078,169.99163486104456,13.0048,QFA409,6200.0,4035.0,1597022.5305860431,-3932762.021079429
19,2022-01-10 20:15:10+00:00,7c77f9,-33.93383478714247,151.43674850463867,174.5906522869912,13.0048,QFA409,6525.0,4035.0,1598739.1715325646,-3932913.4344962835
20,2022-01-10 20:15:20+00:00,7c77f9,-33.939653816869736,151.45544558155294,177.22054468220247,13.0048,QFA409,6925.0,4035.0,1600353.5280805952,-3933787.3852939773
21,2022-01-10 20:15:30+00:00,7c77f9,-33.939653816869736,151.47462844848633,181.1266662116786,15.93088,QFA409,7300.0,4035.0,1602100.912040671,-3934031.801805823
22,2022-01-10 20:15:40+00:00,7c77f9,-33.94901081667109,151.47342681884766,183.0799155562248,17.231360000000002,QFA409,7750.0,4035.0,1601848.3445622306,-3935039.1165400385
23,2022-01-10 20:15:50+00:00,7c77f9,-33.96235656738281,151.47342681884766,184.2578696520497,17.881600000000002,QFA409,8250.0,4035.0,1601644.2219736907,-3936497.721156571
24,2022-01-10 20:16:00+00:00,7c77f9,-33.97673034667969,151.47342681884766,184.75631546975947,16.581120000000002,QFA409,8750.0,4035.0,1601424.3686865363,-3938068.7330759075
25,2022-01-10 20:16:10+00:00,7c77f9,-33.99342165154928,151.47342681884766,184.72838074704435,16.581120000000002,QFA409,9250.0,4035.0,1601169.0586263894,-3939893.109471684
26,2022-01-10 20:16:20+00:00,7c77f9,-34.00959777832031,151.47342681884766,184.65601733461665,17.55648,QFA409,9775.0,4035.0,1600921.6192729985,-3941661.24393318
27,2022-01-10 20:16:30+00:00,7c77f9,-34.02619442697301,151.47342681884766,184.65601733461665,16.90624,QFA409,10250.0,4035.0,1600667.7376806098,-3943475.4128860584
28,2022-01-10 20:16:40+00:00,7c77f9,-34.040496826171875,151.47342681884766,184.65601733461665,14.955520000000002,QFA409,10700.0,4035.0,1600448.9436953133,-3945038.855321828
29,2022-01-10 20:16:50+00:00,7c77f9,-34.05310162043168,151.47342681884766,185.57243709245884,14.955520000000002,QFA409,11125.0,4035.0,1600256.1131105393,-3946416.7703442234
30,2022-01-10 20:17:00+00:00,7c77f9,-34.06446036645923,151.47342681884766,187.384770521107,14.955520000000002,QFA409,11625.0,4035.0,1600082.3399316804,-3947658.5063163447
31,2022-01-10 20:17:10+00:00,7c77f9,-34.07549324682202,151.4584922790527,188.064290490606,16.256,QFA409,12150.0,4035.0,1598554.9133887708,-3948674.6003780453
32,2022-01-10 20:17:20+00:00,7c77f9,-34.08689854508742,151.44292831420898,188.4052384698101,16.256,QFA409,12700.0,4035.0,1596964.8027481511,-3949723.645415421
33,2022-01-10 20:17:30+00:00,7c77f9,-34.09793142545021,151.42799377441406,188.4052384698101,16.90624,QFA409,13200.0,4035.0,1595437.9054748635,-3950740.2145484993
34,2022-01-10 20:17:40+00:00,7c77f9,-34.10929870605469,151.4125652702487,189.56266689099888,16.581120000000002,QFA409,13750.0,4035.0,1593861.2437258386,-3951787.3149579996
35,2022-01-10 20:17:50+00:00,7c77f9,-34.120229947364976,151.39766693115234,189.56266689099888,15.93088,QFA409,14225.0,4035.0,1592339.7148480534,-3952793.702328141
36,2022-01-10 20:18:00+00:00,7c77f9,-34.131866455078125,151.3817362882653,190.62840253759416,14.630400000000002,QFA409,14725.0,4035.0,1590713.83738025,-3953864.37429325
37,2022-01-10 20:18:10+00:00,7c77f9,-34.14308166503906,151.3663778499681,193.19273014736297,13.32992,QFA409,15125.0,4035.0,1589146.6862482138,-3954896.4745785072
38,2022-01-10 20:18:20+00:00,7c77f9,-34.15495791677705,151.35005950927734,195.7572648486012,13.65504,QFA409,15550.0,4035.0,1587482.4920498808,-3955988.985175534
39,2022-01-10 20:18:30+00:00,7c77f9,-34.16622355832891,151.33466720581055,198.3219986075064,12.02944,QFA409,15925.0,4035.0,1585912.0561673234,-3957026.67866712
40,2022-01-10 20:18:40+00:00,7c77f9,-34.178466796875,151.31778016382336,201.6128286006848,12.02944,QFA409,16275.0,4035.0,1584191.1961771534,-3958152.694401167
41,2022-01-10 20:18:50+00:00,7c77f9,-34.190460205078125,151.30124461894133,203.45203318567977,14.305280000000002,QFA409,16675.0,4035.0,1582506.3950539797,-3959256.106428516
42,2022-01-10 20:19:00+00:00,7c77f9,-34.202178955078125,151.28510144292093,203.79061270619607,13.32992,QFA409,17150.0,4035.0,1580861.723461043,-3960334.695243499
43,2022-01-10 20:19:10+00:00,7c77f9,-34.2147216796875,151.26794931839925,205.58201833453884,13.32992,QFA409,17575.0,4035.0,1579113.2019048112,-3961491.006206985
44,2022-01-10 20:19:20+00:00,7c77f9,-34.22716043763245,151.2509536743164,207.4204779077848,14.955520000000002,QFA409,17975.0,4035.0,1577380.808941562,-3962638.2140701683
45,2022-01-10 20:19:30+00:00,7c77f9,-34.23966979980469,151.2338132274394,208.8725000100312,14.955520000000002,QFA409,18425.0,4035.0,1575634.5278703773,-3963791.6305737183
46,2022-01-10 20:19:40+00:00,7c77f9,-34.25197278038934,151.2169647216797,209.21242726541485,14.955520000000002,QFA409,18900.0,4035.0,1573918.2189013537,-3964926.43007392
47,2022-01-10 20:19:50+00:00,7c77f9,-34.26429748535156,151.2000695053412,209.93853921039104,14.305280000000002,QFA409,19325.0,4035.0,1572197.6667362095,-3966063.316865902
48,2022-01-10 20:20:00+00:00,7c77f9,-34.27656555175781,151.18330974968111,210.3245642036452,14.305280000000002,QFA409,19800.0,4035.0,1570490.599169254,-3967195.995947213
49,2022-01-10 20:20:10+00:00,7c77f9,-34.28944733183266,151.16558074951172,211.0982575639809,13.98016,QFA409,20225.0,4035.0,1568686.6026298872,-3968384.018895401
50,2022-01-10 20:20:20+00:00,7c77f9,-34.30183410644531,151.14844497369262,212.2117354884975,12.67968,QFA409,20625.0,4035.0,1566944.2727247262,-3969525.599403384
51,2022-01-10 20:20:30+00:00,7c77f9,-34.314697265625,151.13062021683675,213.71418000752988,12.02944,QFA409,21000.0,4035.0,1565132.5690282488,-3970711.032471255
52,2022-01-10 20:20:40+00:00,7c77f9,-34.32682800292969,151.11374835578764,214.8288824434028,11.70432,QFA409,21400.0,4035.0,1563418.7220119808,-3971828.496632823
53,2022-01-10 20:20:50+00:00,7c77f9,-34.33958409196242,151.09582901000977,215.9439585951948,11.70432,QFA409,21775.0,4035.0,1561600.7390623186,-3973001.6755956723
54,2022-01-10 20:21:00+00:00,7c77f9,-34.35238595736229,151.07797622680664,217.39505031299663,11.05408,QFA409,22125.0,4035.0,1559788.473396417,-3974181.0205658926
55,2022-01-10 20:21:10+00:00,7c77f9,-34.36509704589844,151.060161979831,219.57178655215503,10.40384,QFA409,22425.0,4035.0,1557981.4230387865,-3975351.23623929
56,2022-01-10 20:21:20+00:00,7c77f9,-34.37837219238281,151.04166459064095,221.3598193708634,10.40384,QFA409,22775.0,4035.0,1556104.3096209287,-3976575.058436835
57,2022-01-10 20:21:30+00:00,7c77f9,-34.39173889160156,151.02305509606185,223.1999348309955,10.40384,QFA409,23075.0,4035.0,1554216.0453063163,-3977807.8684313707
58,2022-01-10 20:21:40+00:00,7c77f9,-34.4044189453125,151.00539849728955,223.9256015552518,11.3792,QFA409,23425.0,4035.0,1552424.8651507962,-3978977.641324699
59,2022-01-10 20:21:50+00:00,7c77f9,-34.418350478350135,150.98602294921875,225.7143202630832,11.05408,QFA409,23775.0,4035.0,1550459.4589741137,-3980263.529977894
60,2022-01-10 20:22:00+00:00,7c77f9,-34.431610107421875,150.96767503388074,226.44011047505325,11.3792,QFA409,24125.0,4035.0,1548597.6899345545,-3981488.9093748666
61,2022-01-10 20:22:10+00:00,7c77f9,-34.44432662705248,150.9499740600586,227.55411401737652,11.05408,QFA409,24475.0,4035.0,1546803.0534586872,-3982663.137488071
62,2022-01-10 20:22:20+00:00,7c77f9,-34.45843505859375,150.93039999202807,227.55411401737652,11.05408,QFA409,24875.0,4035.0,1544818.2382597064,-3983967.0628945394
63,2022-01-10 20:22:30+00:00,7c77f9,-34.47169934288934,150.911865234375,228.3320155590877,11.05408,QFA409,25275.0,4035.0,1542940.620615884,-3985191.7127694353
64,2022-01-10 20:22:40+00:00,7c77f9,-34.48505983514303,150.89309692382812,228.3320155590877,11.05408,QFA409,25600.0,4035.0,1541040.789656076,-3986424.387399503
65,2022-01-10 20:22:50+00:00,7c77f9,-34.498626708984375,150.8741791394292,228.3320155590877,11.3792,QFA409,25975.0,4035.0,1539124.7499713127,-3987678.1936899633
66,2022-01-10 20:23:00+00:00,7c77f9,-34.511810302734375,150.85573780293367,228.66847729147864,11.05408,QFA409,26300.0,4035.0,1537257.9712071517,-3988896.2223534114
67,2022-01-10 20:23:10+00:00,7c77f9,-34.52486199847726,150.8374786376953,229.0575991453067,10.07872,QFA409,26650.0,4035.0,1535410.0363833564,-3990102.381333915
68,2022-01-10 20:23:20+00:00,7c77f9,-34.53877258300781,150.81801433952486,229.7831950636623,10.07872,QFA409,26950.0,4035.0,1533440.587302575,-3991388.2479617847
69,2022-01-10 20:23:30+00:00,7c77f9,-34.55232238769531,150.7990124760842,230.2853848573565,9.42848,QFA409,27250.0,4035.0,1531518.78763226,-3992640.6231452334
70,2022-01-10 20:23:40+00:00,7c77f9,-34.56513977050781,150.7792819276148,230.36811510601115,9.7536,QFA409,27550.0,4035.0,1529542.1420844018,-3993804.272961911
71,2022-01-10 20:23:50+00:00,7c77f9,-34.577000504833165,150.7595443725586,231.6260901346803,8.77824,QFA409,27825.0,4035.0,1527579.3176022903,-3994863.4285513433
72,2022-01-10 20:24:00+00:00,7c77f9,-34.58967590332031,150.7385876713967,232.3448039956789,9.10336,QFA409,28125.0,4035.0,1525494.4490893022,-3995997.404470152
73,2022-01-10 20:24:10+00:00,7c77f9,-34.60203552246094,150.7181284378986,232.64816310282768,8.77824,QFA409,28400.0,4035.0,1523459.6893563634,-3997103.238812092
74,2022-01-10 20:24:20+00:00,7c77f9,-34.614056086136145,150.69826126098633,232.3448039956789,8.77824,QFA409,28675.0,4035.0,1521483.9175472178,-3998179.496915066
75,2022-01-10 20:24:30+00:00,7c77f9,-34.62695105601165,150.67686080932617,232.3448039956789,9.42848,QFA409,28950.0,4035.0,1519356.8598293916,-3999333.402507037
76,2022-01-10 20:24:40+00:00,7c77f9,-34.639434814453125,150.6561902104592,232.3448039956789,13.0048,QFA409,29350.0,4035.0,1517302.3363342865,-4000451.5028915196
77,2022-01-10 20:24:50+00:00,7c77f9,-34.65134442862819,150.6364631652832,230.49158069821257,13.0048,QFA409,29750.0,4035.0,1515342.0346120745,-4001518.477933517
78,2022-01-10 20:25:00+00:00,7c77f9,-34.66377387612556,150.61580657958984,229.7728290863405,11.3792,QFA409,30125.0,4035.0,1513290.3593336225,-4002631.599162649
79,2022-01-10 20:25:10+00:00,7c77f9,-34.675506591796875,150.59626988002233,228.33549274050733,12.02944,QFA409,30475.0,4035.0,1511350.6166878021,-4003682.2435248583
80,2022-01-10 20:25:20+00:00,7c77f9,-34.68804931640625,150.57541827766264,227.616909060333,10.07872,QFA409,30850.0,4035.0,1509280.420390637,-4004806.2350952765
81,2022-01-10 20:25:30+00:00,7c77f9,-34.69981384277344,150.55579983458227,226.89838242223345,10.07872,QFA409,31150.0,4035.0,1507333.557254072,-4005860.1433779043
82,2022-01-10 20:25:40+00:00,7c77f9,-34.711676128840054,150.53604125976562,226.482181686004,9.7536,QFA409,31450.0,4035.0,1505372.9533922987,-4006923.4575518193
83,2022-01-10 20:25:50+00:00,7c77f9,-34.72326763605668,150.51664352416992,226.17991336984105,9.42848,QFA409,31750.0,4035.0,1503449.2958379583,-4007961.782736657
84,2022-01-10 20:26:00+00:00,7c77f9,-34.73565673828125,150.49593555683992,226.17991336984105,8.128,QFA409,32025.0,4035.0,1501395.879632163,-4009072.2449896173
85,2022-01-10 20:26:10+00:00,7c77f9,-34.74770756091101,150.47578811645508,226.17991336984105,8.45312,QFA409,32275.0,4035.0,1499398.4729457737,-4010152.722548784
86,2022-01-10 20:26:20+00:00,7c77f9,-34.759066306938564,150.4567909240723,226.17991336984105,8.128,QFA409,32525.0,4035.0,1497515.5078480616,-4011171.423502209
87,2022-01-10 20:26:30+00:00,7c77f9,-34.77163541114936,150.43584823608398,226.17991336984105,8.77824,QFA409,32800.0,4035.0,1495439.4206250936,-4012300.0153356874
88,2022-01-10 20:26:40+00:00,7c77f9,-34.783552784030746,150.41587829589844,225.4615024536741,9.7536,QFA409,33100.0,4035.0,1493461.1256139383,-4013369.1314283246
89,2022-01-10 20:26:50+00:00,7c77f9,-34.795074462890625,150.3966101821588,224.7431502312448,10.72896,QFA409,33425.0,4035.0,1491552.3761390524,-4014403.5726798624
90,2022-01-10 20:27:00+00:00,7c77f9,-34.806884765625,150.3768235809949,223.6080422749489,10.72896,QFA409,33750.0,4035.0,1489592.933203771,-4015463.8719776683
91,2022-01-10 20:27:10+00:00,7c77f9,-34.81864929199219,150.35714908522002,222.8896533792507,10.72896,QFA409,34075.0,4035.0,1487644.6510841858,-4016520.853521976
92,2022-01-10 20:27:20+00:00,7c77f9,-34.830477439751064,150.33737182617188,221.45305471373945,10.40384,QFA409,34425.0,4035.0,1485686.5267444737,-4017583.967977527
93,2022-01-10 20:27:30+00:00,7c77f9,-34.842162051443324,150.31780242919922,221.03617929999308,8.128,QFA409,40000.0,4035.0,1483749.6183304049,-4018634.1699389694
94,2022-01-10 20:27:40+00:00,7c77f9,-34.85403287208686,150.29783248901367,221.03617929999308,7.152640000000001,QFA409,40000.0,4035.0,1481774.1920361833,-4019700.438063672
95,2022-01-10 20:27:50+00:00,7c77f9,-34.86543817035226,150.2786636352539,220.73484610972343,7.152640000000001,QFA409,40000.0,4035.0,1479878.2057999403,-4020725.4622360338
96,2022-01-10 20:28:00+00:00,7c77f9,-34.8773089909958,150.25880813598633,220.3178129653473,8.45312,QFA409,40000.0,4035.0,1477913.851531248,-4021793.823385852
97,2022-01-10 20:28:10+00:00,7c77f9,-34.8886677370233,150.2398681640625,218.0478039886722,11.3792,QFA409,40000.0,4035.0,1476039.9138709016,-4022817.1450220896
98,2022-01-10 20:28:20+00:00,7c77f9,-34.900259244239976,150.22029876708984,216.0089035953185,12.35456,QFA409,40000.0,4035.0,1474106.114994174,-4023858.9603676447
99,2022-01-10 20:28:30+00:00,7c77f9,-34.911478333554044,150.20135879516602,213.0195760761404,14.630400000000002,QFA409,40000.0,4035.0,1472234.846800711,-4024867.6599065005
100,2022-01-10 20:28:40+00:00,7c77f9,-34.92219543457031,150.18327362683354,209.42989334550424,13.0048,QFA409,40000.0,4035.0,1470448.2819271332,-4025831.6318176785
101,2022-01-10 20:28:50+00:00,7c77f9,-34.93304443359375,150.16494439572705,205.60518903264955,13.0048,QFA409,40000.0,4035.0,1468638.097506061,-4026807.5344707067
102,2022-01-10 20:29:00+00:00,7c77f9,-34.943756103515625,150.1468954280931,202.73271394824468,12.67968,QFA409,40000.0,4035.0,1466855.4913812045,-4027771.961537076
103,2022-01-10 20:29:10+00:00,7c77f9,-34.954559326171875,150.12867830237565,200.1610308270652,10.07872,QFA409,40000.0,4035.0,1465056.7011526048,-4028744.784662996
104,2022-01-10 20:29:20+00:00,7c77f9,-34.96487375033104,150.11117935180664,198.30731901227145,9.7536,QFA409,40000.0,4035.0,1463330.0049974872,-4029672.652312853
105,2022-01-10 20:29:30+00:00,7c77f9,-34.97552490234375,150.09314089405294,196.45362876331336,6.1772800000000005,QFA409,40000.0,4035.0,1461550.1048258445,-4030631.4869708694
106,2022-01-10 20:29:40+00:00,7c77f9,-34.985496391684364,150.07633209228516,195.7356325681991,6.1772800000000005,QFA409,40000.0,4035.0,1459891.1538834213,-4031530.3313625813
107,2022-01-10 20:29:50+00:00,7c77f9,-34.99571228027344,150.05906085578764,195.7356325681991,6.1772800000000005,QFA409,40000.0,4035.0,1458187.2586297751,-4032450.9004917853
108,2022-01-10 20:30:00+00:00,7c77f9,-35.00621213751327,150.0412559509277,195.7356325681991,0.97536,QFA409,40000.0,4035.0,1456431.4503623939,-4033396.7338400166
109,2022-01-10 20:30:10+00:00,7c77f9,-35.01603698730469,150.02464450135523,196.87147466549644,0.97536,QFA409,40000.0,4035.0,1454793.1923624985,-4034282.6007575244
110,2022-01-10 20:30:20+00:00,7c77f9,-35.026519775390625,150.00687579719389,198.7252625417892,0.65024,QFA409,40000.0,4035.0,1453041.4595180394,-4035227.562919613
111,2022-01-10 20:30:30+00:00,7c77f9,-35.03691101074219,149.98927525111608,200.879019119104,2.60096,QFA409,40000.0,4035.0,1451306.4851744557,-4036164.718714682
112,2022-01-10 20:30:40+00:00,7c77f9,-35.04753112792969,149.97133838887115,202.3152003058665,2.60096,QFA409,40000.0,4035.0,1449538.2283856575,-4037123.4140269575
113,2022-01-10 20:30:50+00:00,7c77f9,-35.05879211425781,149.952392578125,204.58642979373244,2.60096,QFA409,40000.0,4035.0,1447670.2226181566,-4038141.142810881
114,2022-01-10 20:31:00+00:00,7c77f9,-35.06924386751854,149.93471145629883,205.60518903264955,2.60096,QFA409,40000.0,4035.0,1445928.0190997447,-4039084.928941372
115,2022-01-10 20:31:10+00:00,7c77f9,-35.07994079589844,149.91663095902425,205.60518903264955,3.90144,QFA409,40000.0,4035.0,1444146.636156508,-4040051.339433108
116,2022-01-10 20:31:20+00:00,7c77f9,-35.09089065810383,149.8982048034668,205.60518903264955,3.90144,QFA409,40000.0,4035.0,1442330.8333878492,-4041041.8633731506
117,2022-01-10 20:31:30+00:00,7c77f9,-35.10150146484375,149.8803088129783,205.30441052092635,3.90144,QFA409,40000.0,4035.0,1440567.913897185,-4042001.5625563907
118,2022-01-10 20:31:40+00:00,7c77f9,-35.11249089645128,149.86175537109375,205.00448167490583,0.0,QFA409,40000.0,4035.0,1438740.7002768323,-4042995.6125602485
119,2022-01-10 20:31:50+00:00,7c77f9,-35.12310791015625,149.84370640345983,205.00448167490583,0.0,QFA409,40000.0,4035.0,1436964.5010881268,-4043954.8660588963
120,2022-01-10 20:32:00+00:00,7c77f9,-35.13386535644531,149.82543322504785,205.00448167490583,0.32512,QFA409,40000.0,4035.0,1435166.425150438,-4044927.2895173877
121,2022-01-10 20:32:10+00:00,7c77f9,-35.14485168457031,149.80676767777425,205.422971118388,-0.32512,QFA409,40000.0,4035.0,1433330.0883116736,-4045920.689789366
122,2022-01-10 20:32:20+00:00,7c77f9,-35.15570068359375,149.7883263412787,205.422971118388,-0.32512,QFA409,40000.0,4035.0,1431516.200370378,-4046901.8939079843
123,2022-01-10 20:32:30+00:00,7c77f9,-35.16597941770391,149.7707748413086,205.422971118388,0.0,QFA409,40000.0,4035.0,1429790.7767561546,-4047830.9158259938
124,2022-01-10 20:32:40+00:00,7c77f9,-35.17682608911548,149.75229263305664,205.422971118388,-0.32512,QFA409,40000.0,4035.0,1427973.8483238402,-4048812.0306220353
125,2022-01-10 20:32:50+00:00,7c77f9,-35.18776586500269,149.7336387634277,205.1245058392977,0.0,QFA409,40000.0,4035.0,1426140.4694747112,-4049801.7479009805
126,2022-01-10 20:33:00+00:00,7c77f9,-35.19833322298729,149.7153282165527,204.70540622931,0.0,QFA409,40000.0,4035.0,1424343.5078849606,-4050754.780208047
127,2022-01-10 20:33:10+00:00,7c77f9,-35.20921325683594,149.69690439652425,204.40718793006064,0.0,QFA409,40000.0,4035.0,1422532.325697987,-4051741.192828327
128,2022-01-10 20:33:20+00:00,7c77f9,-35.21978759765625,149.6787993761958,204.40718793006064,0.0,QFA409,40000.0,4035.0,1420754.408616874,-4052697.951973792
129,2022-01-10 20:33:30+00:00,7c77f9,-35.23036116260596,149.66078737948803,204.2867423218057,0.0,QFA409,40000.0,4035.0,1418985.1881712668,-4053655.9869292243
130,2022-01-10 20:33:40+00:00,7c77f9,-35.241068177304044,149.64255474983378,204.58642979373244,-0.32512,QFA409,40000.0,4035.0,1417194.547237894,-4054626.5027419333
131,2022-01-10 20:33:50+00:00,7c77f9,-35.25160217285156,149.62451934814453,204.10983053420452,-0.32512,QFA409,40000.0,4035.0,1415424.3637635952,-4055580.546604151
132,2022-01-10 20:34:00+00:00,7c77f9,-35.26249694824219,149.60586547851562,204.2867423218057,0.0,QFA409,40000.0,4035.0,1413593.7979370388,-4056567.5811928455
133,2022-01-10 20:34:10+00:00,7c77f9,-35.27304956468487,149.58762310920878,204.2867423218057,0.0,QFA409,40000.0,4035.0,1411805.3180843429,-4057521.9729859023
134,2022-01-10 20:34:20+00:00,7c77f9,-35.2838031316208,149.56939047955453,203.9879119615281,0.0,QFA409,40000.0,4035.0,1410015.2687740307,-4058498.869121429
135,2022-01-10 20:34:30+00:00,7c77f9,-35.294036865234375,149.55184936523438,203.9879119615281,0.0,QFA409,40000.0,4035.0,1408294.933338203,-4059426.7074483437
136,2022-01-10 20:34:40+00:00,7c77f9,-35.3049843998279,149.5331005339927,203.9879119615281,0.0,QFA409,40000.0,4035.0,1406456.33847333,-4060419.761423428
137,2022-01-10 20:34:50+00:00,7c77f9,-35.31559831005035,149.5148094664229,203.6899424852654,0.32512,QFA409,40000.0,4035.0,1404663.8499590217,-4061381.6003502533
138,2022-01-10 20:35:00+00:00,7c77f9,-35.326171875,149.49657440185547,203.6899424852654,-0.32512,QFA409,40000.0,4035.0,1402877.2606622817,-4062339.946581509
139,2022-01-10 20:35:10+00:00,7c77f9,-35.33674621582031,149.4781494140625,203.6899424852654,0.0,QFA409,40000.0,4035.0,1401073.8595562656,-4063296.5748279393
140,2022-01-10 20:35:20+00:00,7c77f9,-35.34767280190681,149.45952719830453,203.6899424852654,0.0,QFA409,40000.0,4035.0,1399248.2169029035,-4064290.0430294373
141,2022-01-10 20:35:30+00:00,7c77f9,-35.35784912109375,149.44204330444336,203.6899424852654,0.0,QFA409,40000.0,4035.0,1397535.5803327719,-4065214.030344909
142,2022-01-10 20:35:40+00:00,7c77f9,-35.36888122558594,149.42304611206055,203.6899424852654,0.0,QFA409,40000.0,4035.0,1395675.3653322456,-4066215.570402128
143,2022-01-10 20:35:50+00:00,7c77f9,-35.37918866690944,149.40535525058178,203.9879119615281,0.0,QFA409,40000.0,4035.0,1393942.903965161,-4067152.2792330123
144,2022-01-10 20:36:00+00:00,7c77f9,-35.38956981594282,149.38753168633644,203.9879119615281,0.0,QFA409,40000.0,4035.0,1392197.7865121947,-4068095.9170091883
145,2022-01-10 20:36:10+00:00,7c77f9,-35.400416487354335,149.36888999127328,203.9879119615281,-0.32512,QFA409,40000.0,4035.0,1390373.0258306616,-4069081.9826280163
146,2022-01-10 20:36:20+00:00,7c77f9,-35.41103039757684,149.35059892370347,203.9879119615281,-0.32512,QFA409,40000.0,4035.0,1388583.2844807636,-4070046.6601613793
147,2022-01-10 20:36:30+00:00,7c77f9,-35.42156982421875,149.3325233459473,203.6899424852654,-0.32512,QFA409,40000.0,4035.0,1386814.2473489724,-4071005.8422146672
148,2022-01-10 20:36:40+00:00,7c77f9,-35.432281494140625,149.31392669677734,203.6899424852654,0.0,QFA409,39975.0,4035.0,1384996.2989008732,-4071978.5296126623
149,2022-01-10 20:36:50+00:00,7c77f9,-35.44277902376854,149.29607634848736,202.5531382916799,0.65024,QFA409,39975.0,4035.0,1383248.7000776858,-4072936.2101116893
150,2022-01-10 20:37:00+00:00,7c77f9,-35.45343017578125,149.27764892578125,200.6991035219121,0.65024,QFA409,39975.0,4035.0,1381447.4098291777,-4073904.7423985475
151,2022-01-10 20:37:10+00:00,7c77f9,-35.46405029296875,149.25939559936523,198.8450840366629,0.65024,QFA409,39975.0,4035.0,1379662.508831575,-4074872.0932343747
152,2022-01-10 20:37:20+00:00,7c77f9,-35.47420178429559,149.24190440076464,196.9910802674918,0.32512,QFA409,39975.0,4035.0,1377952.7573484045,-4075796.5778243537
153,2022-01-10 20:37:30+00:00,7c77f9,-35.48419189453125,149.2246055603027,196.39636651628047,0.0,QFA409,39975.0,4035.0,1376262.7502985196,-4076705.709050695
154,2022-01-10 20:37:40+00:00,7c77f9,-35.49467468261719,149.2064666748047,195.9761572050168,0.0,QFA409,39975.0,4035.0,1374490.8670351636,-4077660.121723329
155,2022-01-10 20:37:50+00:00,7c77f9,-35.50441418663934,149.18942715259308,195.25911606365852,0.0,QFA409,39975.0,4035.0,1372828.0895790712,-4078545.0991487685
156,2022-01-10 20:38:00+00:00,7c77f9,-35.51442291777016,149.1722464054189,194.96273799633835,0.0,QFA409,39975.0,4035.0,1371149.2802925366,-4079458.422067883
157,2022-01-10 20:38:10+00:00,7c77f9,-35.5247109623279,149.154364403258,194.96273799633835,0.32512,QFA409,39975.0,4035.0,1369403.9588685278,-4080395.107014383
158,2022-01-10 20:38:20+00:00,7c77f9,-35.534812797934364,149.13683302859044,194.54215283478715,-0.32512,QFA409,39975.0,4035.0,1367692.9346757235,-4081315.424676512
159,2022-01-10 20:38:30+00:00,7c77f9,-35.545193946967686,149.11883415059842,193.8252683830016,0.32512,QFA409,40000.0,4035.0,1365936.441947726,-4082261.6776797613
160,2022-01-10 20:38:40+00:00,7c77f9,-35.55473327636719,149.1020965576172,193.8252683830016,0.32512,QFA409,40000.0,4035.0,1364304.8206689165,-4083129.31444446
161,2022-01-10 20:38:50+00:00,7c77f9,-35.56525796146718,149.08394671500997,193.8252683830016,0.32512,QFA409,40000.0,4035.0,1362533.4199003126,-4084090.3107113005
162,2022-01-10 20:39:00+00:00,7c77f9,-35.57526669259801,149.06653221617356,193.52942948122052,0.0,QFA409,40000.0,4035.0,1360835.2583314572,-4085002.8119488023
163,2022-01-10 20:39:10+00:00,7c77f9,-35.584949558064125,149.04964365857714,193.10846358564424,0.0,QFA409,40000.0,4035.0,1359188.9587611733,-4085885.4313239665
164,2022-01-10 20:39:20+00:00,7c77f9,-35.59505139367059,149.03211228390958,193.10846358564424,-0.32512,QFA409,40000.0,4035.0,1357479.6036822358,-4086807.476425581
165,2022-01-10 20:39:30+00:00,7c77f9,-35.605013572563564,149.01469778507314,193.10846358564424,-0.32512,QFA409,40000.0,4035.0,1355782.8765998937,-4087715.70372834
166,2022-01-10 20:39:40+00:00,7c77f9,-35.615203857421875,148.9969825744629,193.10846358564424,-0.32512,QFA409,40000.0,4035.0,1354056.3917987775,-4088646.0776093
167,2022-01-10 20:39:50+00:00,7c77f9,-35.62470516916051,148.98045316655586,193.10846358564424,0.0,QFA409,40000.0,4035.0,1352445.8204878794,-4089513.685561561
168,2022-01-10 20:40:00+00:00,7c77f9,-35.634979248046875,148.96259307861328,192.391739333034,-0.32512,QFA409,40000.0,4035.0,1350705.7674189364,-4090452.294653964
169,2022-01-10 20:40:10+00:00,7c77f9,-35.64482116699219,148.94542694091797,192.391739333034,0.32512,QFA409,40000.0,4035.0,1349034.030687031,-4091351.089041211
170,2022-01-10 20:40:20+00:00,7c77f9,-35.65461730957031,148.92826080322266,192.391739333034,-0.65024,QFA409,40000.0,4035.0,1347363.1623715216,-4092245.1217420395
171,2022-01-10 20:40:30+00:00,7c77f9,-35.66487975039723,148.9103861058012,192.391739333034,0.0,QFA409,40000.0,4035.0,1345622.7959634394,-4093183.169147731
172,2022-01-10 20:40:40+00:00,7c77f9,-35.67470227257684,148.89326379654256,192.0964481339797,0.32512,QFA409,40000.0,4035.0,1343956.0619157003,-4094081.138448528
173,2022-01-10 20:40:50+00:00,7c77f9,-35.68489721265894,148.87538179438167,192.0964481339797,0.32512,QFA409,39975.0,4035.0,1342216.491096027,-4095012.2648714567
174,2022-01-10 20:41:00+00:00,7c77f9,-35.694305419921875,148.8589096069336,191.67509652870567,0.32512,QFA409,39975.0,4035.0,1340614.1001169824,-4095872.121789096
175,2022-01-10 20:41:10+00:00,7c77f9,-35.70451354980469,148.84111404418945,191.67509652870567,-0.65024,QFA409,39975.0,4035.0,1338882.6729241426,-4096806.196811259
176,2022-01-10 20:41:20+00:00,7c77f9,-35.71412658691406,148.82434844970703,191.67509652870567,0.65024,QFA409,39975.0,4035.0,1337251.7756488884,-4097686.0116499783
177,2022-01-10 20:41:30+00:00,7c77f9,-35.72428040585277,148.80648349193817,191.67509652870567,0.65024,QFA409,39975.0,4035.0,1335515.3842537245,-4098613.9469024576
178,2022-01-10 20:41:40+00:00,7c77f9,-35.73426818847656,148.78904342651367,190.9585360896542,0.65024,QFA409,39975.0,4035.0,1333819.58496729,-4099528.408865071
179,2022-01-10 20:41:50+00:00,7c77f9,-35.74365234375,148.77262115478516,190.9585360896542,0.65024,QFA409,39975.0,4035.0,1332223.2735438566,-4100387.479839411
180,2022-01-10 20:42:00+00:00,7c77f9,-35.75390625,148.75465393066406,190.9585360896542,0.65024,QFA409,39975.0,4035.0,1330477.2358276832,-4101326.2187023303
181,2022-01-10 20:42:10+00:00,7c77f9,-35.76365661621094,148.73760223388672,190.9585360896542,0.0,QFA409,39975.0,4035.0,1328820.1920785855,-4102219.4904144034
182,2022-01-10 20:42:20+00:00,7c77f9,-35.773113703323645,148.72104725939164,190.9585360896542,-0.32512,QFA409,39975.0,4035.0,1327211.790383526,-4103085.983180095
183,2022-01-10 20:42:30+00:00,7c77f9,-35.7835693359375,148.70269775390625,190.9585360896542,0.0,QFA409,39975.0,4035.0,1325429.6745611087,-4104043.77435172
184,2022-01-10 20:42:40+00:00,7c77f9,-35.793177717823085,148.68580919630986,190.9585360896542,-0.32512,QFA409,39975.0,4035.0,1323789.906773563,-4104923.9572531655
185,2022-01-10 20:42:50+00:00,7c77f9,-35.80304679224048,148.66851157330453,191.38008244498064,0.32512,QFA409,39975.0,4035.0,1322110.3267270029,-4105828.8159535397
186,2022-01-10 20:43:00+00:00,7c77f9,-35.812774658203125,148.65131378173828,191.38008244498064,0.0,QFA409,39975.0,4035.0,1320441.795152604,-4106719.4504018193
187,2022-01-10 20:43:10+00:00,7c77f9,-35.82252502441406,148.63414764404297,191.8020821395057,-0.32512,QFA409,39975.0,4035.0,1318776.078234945,-4107613.1714982116
188,2022-01-10 20:43:20+00:00,7c77f9,-35.83259582519531,148.6164665222168,191.8020821395057,-0.32512,QFA409,39975.0,4035.0,1317060.307691773,-4108537.0681044986
189,2022-01-10 20:43:30+00:00,7c77f9,-35.842569642147794,148.59891201587433,191.50864561597967,-0.32512,QFA409,39975.0,4035.0,1315357.4227466716,-4109451.898728616
190,2022-01-10 20:43:40+00:00,7c77f9,-35.852205955376064,148.5819065824468,191.38008244498064,0.65024,QFA409,39975.0,4035.0,1313708.3935191822,-4110335.5760837286
191,2022-01-10 20:43:50+00:00,7c77f9,-35.8623046875,148.56399536132812,191.50864561597967,0.65024,QFA409,39975.0,4035.0,1311972.4624712493,-4111261.011424867
192,2022-01-10 20:44:00+00:00,7c77f9,-35.871826171875,148.5471153259277,191.08599788907816,0.65024,QFA409,39975.0,4035.0,1310336.6816268233,-4112133.8992436095
193,2022-01-10 20:44:10+00:00,7c77f9,-35.88185973086598,148.52942933427528,191.08599788907816,0.0,QFA409,39975.0,4035.0,1308622.3366250186,-4113055.079984503
194,2022-01-10 20:44:20+00:00,7c77f9,-35.89149604409431,148.51242390084775,190.9585360896542,-0.65024,QFA409,39975.0,4035.0,1306974.3676862353,-4113939.860150612
195,2022-01-10 20:44:30+00:00,7c77f9,-35.90145822298729,148.4950094020113,190.6638013313512,-0.32512,QFA409,39975.0,4035.0,1305285.825417176,-4114856.568348008
196,2022-01-10 20:44:40+00:00,7c77f9,-35.91133117675781,148.4775352478027,190.6638013313512,-0.32512,QFA409,39975.0,4035.0,1303593.3485365976,-4115763.1096519376
197,2022-01-10 20:44:50+00:00,7c77f9,-35.92131042480469,148.45991134643555,190.7928471592692,-1.30048,QFA409,39975.0,4035.0,1301886.368726952,-4116680.0979226287
198,2022-01-10 20:45:00+00:00,7c77f9,-35.930694580078125,148.44331741333008,189.94760574987745,1.30048,QFA409,39975.0,4035.0,1300279.5538186566,-4117542.450545109
199,2022-01-10 20:45:10+00:00,7c77f9,-35.940216064453125,148.4264373779297,189.94760574987745,0.32512,QFA409,39975.0,4035.0,1298645.599643459,-4118417.238341395
200,2022-01-10 20:45:20+00:00,7c77f9,-35.95024108886719,148.40864181518555,189.36151858716343,-0.65024,QFA409,39975.0,4035.0,1296923.463851153,-4119338.3402158427
201,2022-01-10 20:45:30+00:00,7c77f9,-35.95989990234375,148.3913612365723,189.36151858716343,-0.65024,QFA409,39975.0,4035.0,1295252.4004347236,-4120224.6812124983
202,2022-01-10 20:45:40+00:00,7c77f9,-35.969696044921875,148.37396621704102,189.23149667171515,-0.65024,QFA409,39975.0,4035.0,1293569.6088031493,-4121125.258491123
203,2022-01-10 20:45:50+00:00,7c77f9,-35.97908020019531,148.35725784301758,188.93827002756572,-0.32512,QFA409,39975.0,4035.0,1291953.8178167476,-4121987.763393057
204,2022-01-10 20:46:00+00:00,7c77f9,-35.98905944824219,148.3395767211914,188.93827002756572,0.0,QFA409,40000.0,4035.0,1290243.6119281794,-4122906.1398156816
205,2022-01-10 20:46:10+00:00,7c77f9,-35.998809814453125,148.32223892211914,188.93827002756572,0.0,QFA409,40000.0,4035.0,1288567.329066026,-4123803.0959889544
206,2022-01-10 20:46:20+00:00,7c77f9,-36.008062847590054,148.30578743143286,187.79954198341355,0.0,QFA409,40000.0,4035.0,1286976.9720792759,-4124654.5802245983
207,2022-01-10 20:46:30+00:00,7c77f9,-36.017606056342686,148.2888404359209,187.79954198341355,0.0,QFA409,40000.0,4035.0,1285338.8231607417,-4125533.2395976586
208,2022-01-10 20:46:40+00:00,7c77f9,-36.027557373046875,148.27119827270508,187.79954198341355,0.0,QFA409,40000.0,4035.0,1283633.5408587232,-4126450.0607227287
209,2022-01-10 20:46:50+00:00,7c77f9,-36.03725110070184,148.25395300033244,187.79954198341355,0.32512,QFA409,40000.0,4035.0,1281967.3149539232,-4127342.8188767033
210,2022-01-10 20:47:00+00:00,7c77f9,-36.04660034179688,148.2373809814453,187.79954198341355,-0.65024,QFA409,40000.0,4035.0,1280365.9626190716,-4128204.7284521773
211,2022-01-10 20:47:10+00:00,7c77f9,-36.05652372715838,148.2196499438996,187.0836983898811,-0.65024,QFA409,40000.0,4035.0,1278653.886180415,-4129118.4104279564
212,2022-01-10 20:47:20+00:00,7c77f9,-36.06578063964844,148.20310592651367,186.7913506225672,-0.65024,QFA409,40000.0,4035.0,1277056.7051942248,-4129970.9520425526
213,2022-01-10 20:47:30+00:00,7c77f9,-36.07570324913934,148.18540532538233,187.0836983898811,0.0,QFA409,40000.0,4035.0,1275347.9037098691,-4130885.421485338
214,2022-01-10 20:47:40+00:00,7c77f9,-36.08515335341633,148.16851676778592,186.3679453334415,0.0,QFA409,40000.0,4035.0,1273717.9724274285,-4131756.302695158
215,2022-01-10 20:47:50+00:00,7c77f9,-36.094482421875,148.15189361572266,186.7913506225672,0.0,QFA409,40000.0,4035.0,1272113.5608160584,-4132616.7864113976
216,2022-01-10 20:48:00+00:00,7c77f9,-36.10382080078125,148.13518524169922,186.49996363760485,0.0,QFA409,40000.0,4035.0,1270501.6522482317,-4133477.69212368
217,2022-01-10 20:48:10+00:00,7c77f9,-36.11366271972656,148.11744689941406,186.49996363760485,0.0,QFA409,40000.0,4035.0,1268791.5482766253,-4134383.996818993
218,2022-01-10 20:48:20+00:00,7c77f9,-36.123046875,148.10056686401367,186.49996363760485,0.0,QFA409,40000.0,4035.0,1267164.2195541149,-4135248.7543612965
219,2022-01-10 20:48:30+00:00,7c77f9,-36.132568359375,148.08351516723633,186.7913506225672,0.0,QFA409,40000.0,4035.0,1265520.0773581907,-4136127.195398336
220,2022-01-10 20:48:40+00:00,7c77f9,-36.14217984474311,148.06630885347408,186.7913506225672,0.0,QFA409,40000.0,4035.0,1263861.2432116605,-4137014.279209398
221,2022-01-10 20:48:50+00:00,7c77f9,-36.15153684454452,148.04953717170878,186.7913506225672,0.0,QFA409,40000.0,4035.0,1262244.7094165292,-4137877.928809358
222,2022-01-10 20:49:00+00:00,7c77f9,-36.16126626224843,148.03212267287236,187.2152119680858,0.0,QFA409,40000.0,4035.0,1260566.3116047452,-4138776.4768302226
223,2022-01-10 20:49:10+00:00,7c77f9,-36.17080947100106,148.0150003636137,187.50689888131703,-0.32512,QFA409,40000.0,4035.0,1258916.6214920338,-4139657.6891327803
224,2022-01-10 20:49:20+00:00,7c77f9,-36.18021302304027,147.99822868184842,187.93055461579203,0.0,QFA409,40000.0,4035.0,1257300.2773791812,-4140527.2722855946
225,2022-01-10 20:49:30+00:00,7c77f9,-36.18988037109375,147.98086166381836,187.93055461579203,-0.32512,QFA409,40000.0,4035.0,1255627.6861785701,-4141420.2744558067
226,2022-01-10 20:49:40+00:00,7c77f9,-36.19944763183594,147.96363830566406,188.35466252144704,-0.32512,QFA409,40000.0,4035.0,1253969.442324739,-4142303.945484338
227,2022-01-10 20:49:50+00:00,7c77f9,-36.20878601074219,147.94687271118164,188.77921955076383,-0.32512,QFA409,40000.0,4035.0,1252355.2110759332,-4143167.1962910206
228,2022-01-10 20:50:00+00:00,7c77f9,-36.21824620133742,147.92973944481383,188.77921955076383,0.0,QFA409,40000.0,4035.0,1250706.8562896303,-4144040.490162746
229,2022-01-10 20:50:10+00:00,7c77f9,-36.22788251456569,147.91250025972408,188.77921955076383,0.0,QFA409,40000.0,4035.0,1249047.1286096808,-4144932.4384190473
230,2022-01-10 20:50:20+00:00,7c77f9,-36.2376708984375,147.89485931396484,189.06989336033092,0.0,QFA409,40000.0,4035.0,1247349.8832376117,-4145837.457038168
231,2022-01-10 20:50:30+00:00,7c77f9,-36.24734134997351,147.87737907247342,189.06989336033092,0.0,QFA409,40000.0,4035.0,1245668.7226234733,-4146731.3404625976
232,2022-01-10 20:50:40+00:00,7c77f9,-36.25675964355469,147.86041259765625,189.20422268036475,0.0,QFA409,40000.0,4035.0,1244036.8390314572,-4147602.7607947923
233,2022-01-10 20:50:50+00:00,7c77f9,-36.266846737619176,147.8421994473072,189.20422268036475,0.0,QFA409,40000.0,4035.0,1242285.6138104638,-4148535.942529203
234,2022-01-10 20:51:00+00:00,7c77f9,-36.27616882324219,147.82533645629883,189.49424455949176,0.0,QFA409,40000.0,4035.0,1240664.6799470943,-4149398.3164866706
235,2022-01-10 20:51:10+00:00,7c77f9,-36.28578186035156,147.80794143676758,189.49424455949176,0.0,QFA409,40000.0,4035.0,1238992.9065111822,-4150287.824439866
236,2022-01-10 20:51:20+00:00,7c77f9,-36.295440673828125,147.79054641723633,189.78521772657163,0.0,QFA409,40000.0,4035.0,1237320.842851557,-4151182.664873492
237,2022-01-10 20:51:30+00:00,7c77f9,-36.30497302039197,147.7733011448637,190.20936443473548,0.0,QFA409,40000.0,4035.0,1235663.964073572,-4152065.2958646542
238,2022-01-10 20:51:40+00:00,7c77f9,-36.31484209480936,147.75553601853392,190.20936443473548,0.0,QFA409,40000.0,4035.0,1233956.8141518352,-4152980.271798701
239,2022-01-10 20:51:50+00:00,7c77f9,-36.32414245605469,147.73881912231445,190.5006345665914,0.32512,QFA409,40000.0,4035.0,1232350.4850008662,-4153843.02870185
240,2022-01-10 20:52:00+00:00,7c77f9,-36.3343505859375,147.72045135498047,191.21614284244507,0.32512,QFA409,40000.0,4035.0,1230585.938780018,-4154790.104971571
241,2022-01-10 20:52:10+00:00,7c77f9,-36.34379758673202,147.70340939785572,192.064069289707,0.0,QFA409,40000.0,4035.0,1228949.3211581258,-4155666.416537041
242,2022-01-10 20:52:20+00:00,7c77f9,-36.35394597457628,147.6850014544548,192.77926612170407,0.32512,QFA409,40000.0,4035.0,1227182.4842399464,-4156607.1045640097
243,2022-01-10 20:52:30+00:00,7c77f9,-36.36369323730469,147.66746520996094,193.6285482736248,0.0,QFA409,40000.0,4035.0,1225498.6343365929,-4157512.310174139
244,2022-01-10 20:52:40+00:00,7c77f9,-36.37340480998415,147.649763391373,194.47956496175425,0.0,QFA409,40000.0,4035.0,1223800.7006627682,-4158412.246214885
245,2022-01-10 20:52:50+00:00,7c77f9,-36.38337707519531,147.6315879821777,195.48330472499515,0.65024,QFA409,40000.0,4035.0,1222057.6157661031,-4159336.65502526
246,2022-01-10 20:53:00+00:00,7c77f9,-36.39295674986761,147.6141747007979,195.48330472499515,0.65024,QFA409,40000.0,4035.0,1220387.5858201282,-4160225.410056515
247,2022-01-10 20:53:10+00:00,7c77f9,-36.40282582428495,147.5961173848903,195.48330472499515,0.0,QFA409,40000.0,4035.0,1218656.8492833294,-4161140.161925963
248,2022-01-10 20:53:20+00:00,7c77f9,-36.41292765989141,147.57776787940492,195.48330472499515,-0.32512,QFA409,40000.0,4035.0,1216897.523300469,-4162078.0927756596
249,2022-01-10 20:53:30+00:00,7c77f9,-36.422882080078125,147.55966186523438,195.19404640911628,-1.30048,QFA409,40000.0,4035.0,1215161.9930575849,-4163002.4048544187
250,2022-01-10 20:53:40+00:00,7c77f9,-36.43261925648835,147.541886999252,194.90571665854608,-1.30048,QFA409,40000.0,4035.0,1213458.9050722227,-4163906.2187594417
251,2022-01-10 20:53:50+00:00,7c77f9,-36.44233703613281,147.52412796020508,194.47956496175425,-0.97536,QFA409,39975.0,4035.0,1211757.737598849,-4164808.3328511324
252,2022-01-10 20:54:00+00:00,7c77f9,-36.452264300847446,147.5061229949302,193.2036889499214,-0.32512,QFA409,39975.0,4035.0,1210032.4009836682,-4165731.5109588415
253,2022-01-10 20:54:10+00:00,7c77f9,-36.461807509600135,147.4887669340093,192.19905990257084,-0.32512,QFA409,39975.0,4035.0,1208369.8292233762,-4166618.79724897
254,2022-01-10 20:54:20+00:00,7c77f9,-36.471771240234375,147.4705696105957,191.48446021452267,0.0,QFA409,39975.0,4035.0,1206627.4553889786,-4167544.7432842646
255,2022-01-10 20:54:30+00:00,7c77f9,-36.481201171875,147.4534034729004,190.0555552664193,0.0,QFA409,40000.0,4035.0,1204983.7161905826,-4168421.9022099474
256,2022-01-10 20:54:40+00:00,7c77f9,-36.49066989704716,147.4361143720911,189.05379542557927,0.97536,QFA409,40000.0,4035.0,1203328.8052704989,-4169302.4410181795
257,2022-01-10 20:54:50+00:00,7c77f9,-36.50030621027543,147.418524559508,189.05379542557927,0.97536,QFA409,40000.0,4035.0,1201645.3445300616,-4170198.896977943
258,2022-01-10 20:55:00+00:00,7c77f9,-36.50980286679027,147.401051622756,189.05379542557927,0.32512,QFA409,40000.0,4035.0,1199974.232479589,-4171081.3206251147
259,2022-01-10 20:55:10+00:00,7c77f9,-36.51948573225639,147.3832864964262,188.6270503233112,0.32512,QFA409,40000.0,4035.0,1198275.1236272305,-4171981.8152777907
260,2022-01-10 20:55:20+00:00,7c77f9,-36.52879617981995,147.3662226250831,188.2007438024288,0.32512,QFA409,40000.0,4035.0,1196643.2282160795,-4172848.1195226735
261,2022-01-10 20:55:30+00:00,7c77f9,-36.53852559752386,147.34857437458444,188.2007438024288,0.32512,QFA409,40000.0,4035.0,1194954.5335444254,-4173755.4374627043
262,2022-01-10 20:55:40+00:00,7c77f9,-36.54757690429688,147.33209609985352,188.2007438024288,0.32512,QFA409,40000.0,4035.0,1193378.4272531322,-4174599.2050957684
263,2022-01-10 20:55:50+00:00,7c77f9,-36.55728149414063,147.31435775756836,189.20422268036475,0.32512,QFA409,40000.0,4035.0,1191682.522157334,-4175503.478469267
264,2022-01-10 20:56:00+00:00,7c77f9,-36.56696901483053,147.2966815055685,190.0555552664193,-0.65024,QFA409,40000.0,4035.0,1189992.6290036174,-4176406.74175302
265,2022-01-10 20:56:10+00:00,7c77f9,-36.57646179199219,147.27928161621094,190.7699583015596,-0.32512,QFA409,40000.0,4035.0,1188329.9319940642,-4177291.378607575
266,2022-01-10 20:56:20+00:00,7c77f9,-36.58638129800056,147.26115125290892,190.7699583015596,0.0,QFA409,40000.0,4035.0,1186597.383453751,-4178216.567166532
267,2022-01-10 20:56:30+00:00,7c77f9,-36.59587097167969,147.24369049072266,190.48187879503743,0.0,QFA409,40000.0,4035.0,1184929.8369259567,-4179100.8536370625
268,2022-01-10 20:56:40+00:00,7c77f9,-36.605374611030186,147.2262638173205,190.48187879503743,0.0,QFA409,40000.0,4035.0,1183265.430996311,-4179987.283995492
269,2022-01-10 20:56:50+00:00,7c77f9,-36.614776611328125,147.2087860107422,191.04998469654404,0.0,QFA409,40000.0,4035.0,1181597.918474434,-4180862.2748201615
270,2022-01-10 20:57:00+00:00,7c77f9,-36.62452697753906,147.19070434570312,191.62262139286773,0.32512,QFA409,40000.0,4035.0,1179872.7960892909,-4181770.3908783817
271,2022-01-10 20:57:10+00:00,7c77f9,-36.6343301029529,147.1727346866689,192.3367077633888,-0.32512,QFA409,40000.0,4035.0,1178157.3232318945,-4182685.6887586755
272,2022-01-10 20:57:20+00:00,7c77f9,-36.643890380859375,147.15499877929688,193.19067530267708,0.0,QFA409,40000.0,4035.0,1176465.7820293407,-4183576.6182892458
273,2022-01-10 20:57:30+00:00,7c77f9,-36.653416520458165,147.1372044340093,193.61829695851165,-0.32512,QFA409,40000.0,4035.0,1174769.7017656083,-4184463.5135296257
274,2022-01-10 20:57:40+00:00,7c77f9,-36.6632080078125,147.1190071105957,194.33185937254515,0.32512,QFA409,40000.0,4035.0,1173034.9171713253,-4185376.2783224075
275,2022-01-10 20:57:50+00:00,7c77f9,-36.67287535586598,147.10108980219417,195.47315068000583,0.0,QFA409,40000.0,4035.0,1171326.7988070191,-4186278.226463555
276,2022-01-10 20:58:00+00:00,7c77f9,-36.68274443028338,147.08291561045547,196.7605393699656,0.0,QFA409,40000.0,4035.0,1169593.7450178172,-4187200.386251911
277,2022-01-10 20:58:10+00:00,7c77f9,-36.692779541015625,147.06436157226562,198.32800358330132,0.0,QFA409,40000.0,4035.0,1167825.2307336163,-4188137.6815013075
278,2022-01-10 20:58:20+00:00,7c77f9,-36.70266878806939,147.04615816156917,199.3296245222664,0.0,QFA409,40000.0,4035.0,1166089.9228358637,-4189062.411282309
279,2022-01-10 20:58:30+00:00,7c77f9,-36.71278381347656,147.0274543762207,199.3296245222664,-0.32512,QFA409,40000.0,4035.0,1164307.7456195215,-4190007.7811859725
280,2022-01-10 20:58:40+00:00,7c77f9,-36.72254659361761,147.00957602642953,199.3296245222664,0.32512,QFA409,40000.0,4035.0,1162603.4211060214,-4190922.1429127087
281,2022-01-10 20:58:50+00:00,7c77f9,-36.732927742650986,146.99040839012633,199.04196699131515,0.0,QFA409,40000.0,4035.0,1160777.4845413172,-4191893.2917494588
282,2022-01-10 20:59:00+00:00,7c77f9,-36.7429830260196,146.97205888464097,198.6153626698993,0.32512,QFA409,40000.0,4035.0,1159028.4399745965,-4192836.2721594465
283,2022-01-10 20:59:10+00:00,7c77f9,-36.75288391113281,146.9538688659668,198.1891754321555,0.32512,QFA409,40000.0,4035.0,1157295.6567012884,-4193763.948713471
284,2022-01-10 20:59:20+00:00,7c77f9,-36.76295393604346,146.93530143575467,198.1891754321555,0.0,QFA409,40000.0,4035.0,1155527.6340930664,-4194707.170376477
285,2022-01-10 20:59:30+00:00,7c77f9,-36.77288818359375,146.91713333129883,198.1891754321555,0.0,QFA409,40000.0,4035.0,1153797.004472761,-4195639.350477144
286,2022-01-10 20:59:40+00:00,7c77f9,-36.78286743164063,146.89882278442383,198.1891754321555,0.32512,QFA409,40000.0,4035.0,1152053.474514926,-4196575.506117564
287,2022-01-10 20:59:50+00:00,7c77f9,-36.79251460705774,146.8810126122008,197.901197508555,0.0,QFA409,39975.0,4035.0,1150358.5475841286,-4197479.804265629
288,2022-01-10 21:00:00+00:00,7c77f9,-36.80256833868512,146.86236604731135,197.75766833614085,0.0,QFA409,39975.0,4035.0,1148584.8484308403,-4198421.735373024
289,2022-01-10 21:00:10+00:00,7c77f9,-36.8126220703125,146.84371948242188,197.61413916372672,0.0,QFA409,39975.0,4035.0,1146811.4503679897,-4199363.983219115
290,2022-01-10 21:00:20+00:00,7c77f9,-36.82240114373678,146.82555503033578,197.61413916372672,0.0,QFA409,39975.0,4035.0,1145084.360421682,-4200280.544928583
291,2022-01-10 21:00:30+00:00,7c77f9,-36.83227021815412,146.80720552485042,197.3280044108785,0.0,QFA409,39950.0,4035.0,1143340.07413447,-4201205.684019601
292,2022-01-10 21:00:40+00:00,7c77f9,-36.84190653138245,146.7892066468584,197.47145866533413,0.0,QFA409,39950.0,4035.0,1141629.9001735013,-4202108.553210365
293,2022-01-10 21:00:50+00:00,7c77f9,-36.85210147146455,146.7700593367867,197.7560475808454,0.0,QFA409,39950.0,4035.0,1139811.5476834446,-4203063.130541707
294,2022-01-10 21:01:00+00:00,7c77f9,-36.86178433693061,146.75196772036347,197.7560475808454,-1.95072,QFA409,39950.0,4035.0,1138093.1749481247,-4203970.919745923
295,2022-01-10 21:01:10+00:00,7c77f9,-36.87183962029928,146.73327902088994,197.1871300888096,-7.152640000000001,QFA409,39775.0,4035.0,1136317.7910471344,-4204914.831436342
296,2022-01-10 21:01:20+00:00,7c77f9,-36.88160705566406,146.71516580784575,197.1871300888096,-11.70432,QFA409,39425.0,4035.0,1134597.1205370158,-4205832.3920220155
297,2022-01-10 21:01:30+00:00,7c77f9,-36.89139156018274,146.69697637143344,197.1871300888096,-12.67968,QFA409,39025.0,4035.0,1132869.7652646052,-4206751.453789232
298,2022-01-10 21:01:40+00:00,7c77f9,-36.901307186837926,146.67858621348506,199.1828581508676,-13.0048,QFA409,38625.0,4035.0,1131123.3801086328,-4207683.5262472555
299,2022-01-10 21:01:50+00:00,7c77f9,-36.91108315677968,146.6601960555367,201.61020322853844,-13.65504,QFA409,38200.0,4035.0,1129378.8513051723,-4208600.444528245
300,2022-01-10 21:02:00+00:00,7c77f9,-36.92179017147777,146.63989523182744,205.8971734890484,-14.955520000000002,QFA409,37725.0,4035.0,1127454.354162046,-4209603.611373125
301,2022-01-10 21:02:10+00:00,7c77f9,-36.93179890260859,146.62072886591372,210.0374745338728,-14.955520000000002,QFA409,37275.0,4035.0,1125638.838220388,-4210539.993496836
302,2022-01-10 21:02:20+00:00,7c77f9,-36.94221496582031,146.60103655875997,213.45210861963008,-15.280640000000002,QFA409,36775.0,4035.0,1123772.3457864975,-4211517.107426689
303,2022-01-10 21:02:30+00:00,7c77f9,-36.95302672305348,146.58078400985053,216.3045853705472,-15.280640000000002,QFA409,36300.0,4035.0,1121851.9909580448,-4212533.388421386
304,2022-01-10 21:02:40+00:00,7c77f9,-36.963775634765625,146.56065595910906,218.15943919079783,-17.881600000000002,QFA409,35775.0,4035.0,1119943.750106027,-4213544.191125664
305,2022-01-10 21:02:50+00:00,7c77f9,-36.97444075244971,146.5407197371773,221.15587960840176,-18.20672,QFA409,35225.0,4035.0,1118053.832161385,-4214547.787755988
306,2022-01-10 21:03:00+00:00,7c77f9,-36.98570251464844,146.51974941821808,224.2958141168704,-19.182080000000003,QFA409,34600.0,4035.0,1116065.7722707468,-4215608.64168973
307,2022-01-10 21:03:10+00:00,7c77f9,-36.99723815917969,146.49824426529256,226.5779813936704,-19.182080000000003,QFA409,34000.0,4035.0,1114027.5508659477,-4216695.489116398
308,2022-01-10 21:03:20+00:00,7c77f9,-37.00822448730469,146.47784943276264,229.14654749984547,-18.85696,QFA409,33400.0,4035.0,1112094.422439964,-4217731.735608282
309,2022-01-10 21:03:30+00:00,7c77f9,-37.02017211914063,146.45552614901928,231.1434161123528,-21.1328,QFA409,32775.0,4035.0,1109979.773312952,-4218857.811827206
310,2022-01-10 21:03:40+00:00,7c77f9,-37.03143310546875,146.434254747756,233.14247914626847,-20.482560000000003,QFA409,32100.0,4035.0,1107966.5272550718,-4219917.547582265
311,2022-01-10 21:03:50+00:00,7c77f9,-37.04360961914063,146.41146396068817,231.2882096589873,-21.1328,QFA409,31450.0,4035.0,1105808.685792326,-4221065.748528611
312,2022-01-10 21:04:00+00:00,7c77f9,-37.054962158203125,146.39036787317156,231.2882096589873,-9.42848,QFA409,30975.0,4035.0,1103810.8052912015,-4222138.01481564
313,2022-01-10 21:04:10+00:00,7c77f9,-37.06709289550781,146.36775239985042,231.2882096589873,-8.128,QFA409,30850.0,4035.0,1101669.8936955947,-4223283.587566401
314,2022-01-10 21:04:20+00:00,7c77f9,-37.078391899496864,146.34672745414403,227.0056651927152,-8.128,QFA409,30650.0,4035.0,1099679.7138555378,-4224351.381807317
315,2022-01-10 21:04:30+00:00,7c77f9,-37.08970642089844,146.3253849110705,225.1572762021597,-11.05408,QFA409,30225.0,4035.0,1097661.554748938,-4225418.522732628
316,2022-01-10 21:04:40+00:00,7c77f9,-37.10064386917372,146.3045136824898,223.58496174273225,-11.05408,QFA409,29900.0,4035.0,1095689.724660927,-4226448.398664587
317,2022-01-10 21:04:50+00:00,7c77f9,-37.111443988347446,146.2840337338655,222.44275399844392,-12.02944,QFA409,29475.0,4035.0,1093754.482907323,-4227466.852938001
318,2022-01-10 21:05:00+00:00,7c77f9,-37.12247686871029,146.26325524371603,221.3006304139616,-12.02944,QFA409,29125.0,4035.0,1091790.5780180888,-4228508.888077089
319,2022-01-10 21:05:10+00:00,7c77f9,-37.13318388340838,146.2430141283118,220.3051996767709,-12.67968,QFA409,28725.0,4035.0,1089878.2586005235,-4229519.85682411
320,2022-01-10 21:05:20+00:00,7c77f9,-37.14444952496029,146.22157884680706,219.16280470725616,-13.0048,QFA409,28275.0,4035.0,1087854.2892969362,-4230582.77541703
321,2022-01-10 21:05:30+00:00,7c77f9,-37.155120849609375,146.20120434050864,218.0204932018348,-12.02944,QFA409,27900.0,4035.0,1085931.2394650287,-4231589.396262405
322,2022-01-10 21:05:40+00:00,7c77f9,-37.16577044988082,146.1809771993886,217.3079901306528,-12.35456,QFA409,27525.0,4035.0,1084021.8479821358,-4232595.253394493
323,2022-01-10 21:05:50+00:00,7c77f9,-37.176177978515625,146.16123280626664,216.1656714316832,-10.07872,QFA409,27175.0,4035.0,1082158.231963497,-4233578.800689287
324,2022-01-10 21:06:00+00:00,7c77f9,-37.18702697753906,146.14060422207447,214.7407818881056,-10.07872,QFA409,26800.0,4035.0,1080211.7784602393,-4234604.0412498
325,2022-01-10 21:06:10+00:00,7c77f9,-37.19764709472656,146.12050157912236,213.5983630429841,-10.07872,QFA409,26450.0,4035.0,1078314.787118514,-4235608.801889196
326,2022-01-10 21:06:20+00:00,7c77f9,-37.208226090770665,146.10031127929688,211.74355056810592,-11.05408,QFA409,26100.0,4035.0,1076410.80749634,-4236608.616771039
327,2022-01-10 21:06:30+00:00,7c77f9,-37.21870422363281,146.08029629321808,210.3189017511052,-11.3792,QFA409,25725.0,4035.0,1074523.7970626785,-4237599.113412509
328,2022-01-10 21:06:40+00:00,7c77f9,-37.22894183659957,146.06072467306387,209.606734058969,-11.3792,QFA409,25375.0,4035.0,1072679.0045280412,-4238567.084272496
329,2022-01-10 21:06:50+00:00,7c77f9,-37.23904367220604,146.04149859884512,208.4641095423308,-11.3792,QFA409,24975.0,4035.0,1070866.618555583,-4239523.287196646
330,2022-01-10 21:07:00+00:00,7c77f9,-37.249786376953125,146.02086493309508,207.7519531139108,-11.3792,QFA409,24600.0,4035.0,1068922.9426271557,-4240538.919258718
331,2022-01-10 21:07:10+00:00,7c77f9,-37.25966631355936,146.00197170091712,206.60931844696708,-12.35456,QFA409,24250.0,4035.0,1067143.0676137407,-4241474.028250704
332,2022-01-10 21:07:20+00:00,7c77f9,-37.27001953125,145.98241278465758,206.0327346698262,-12.35456,QFA409,23900.0,4035.0,1065299.4707216485,-4242456.304948304
333,2022-01-10 21:07:30+00:00,7c77f9,-37.27999877929688,145.96347890001664,205.3198788292169,-12.35456,QFA409,23500.0,4035.0,1063515.5572720019,-4243402.737774111
334,2022-01-10 21:07:40+00:00,7c77f9,-37.29043734275689,145.9436963952106,203.46504087918805,-12.35456,QFA409,23075.0,4035.0,1061651.8877590138,-4244393.270451571
335,2022-01-10 21:07:50+00:00,7c77f9,-37.30035296941208,145.924768862517,200.3328429023277,-10.72896,QFA409,22750.0,4035.0,1059869.8342798664,-4245333.359569106
336,2022-01-10 21:08:00+00:00,7c77f9,-37.30994273040256,145.9065578294837,196.7585217856456,-10.72896,QFA409,22425.0,4035.0,1058155.0052136155,-4246243.655219466
337,2022-01-10 21:08:10+00:00,7c77f9,-37.31982421875,145.88768492353725,193.06460302226137,-10.07872,QFA409,22075.0,4035.0,1056378.747609679,-4247181.0479633575
338,2022-01-10 21:08:20+00:00,7c77f9,-37.32884216308594,145.87032886261636,190.62840253759416,-13.32992,QFA409,21700.0,4035.0,1054746.2459741035,-4248035.689235647
339,2022-01-10 21:08:30+00:00,7c77f9,-37.33810683428232,145.8527009383492,188.9102532311148,-13.32992,QFA409,21300.0,4035.0,1053087.3253638486,-4248915.694991776
340,2022-01-10 21:08:40+00:00,7c77f9,-37.34770202636719,145.834506420379,187.6310635017997,-13.0048,QFA409,20825.0,4035.0,1051375.0183618523,-4249827.910828557
341,2022-01-10 21:08:50+00:00,7c77f9,-37.3564453125,145.81755942486703,185.7997674840552,-13.0048,QFA409,20425.0,4035.0,1049782.4017304918,-4250656.322199827
342,2022-01-10 21:09:00+00:00,7c77f9,-37.36566575907045,145.79950083856997,183.5123494616285,-12.67968,QFA409,20025.0,4035.0,1048086.5923006725,-4251528.66437114
343,2022-01-10 21:09:10+00:00,7c77f9,-37.37465034096931,145.78224513841712,182.7789921909896,-13.65504,QFA409,19550.0,4035.0,1046464.6139842302,-4252381.809641294
344,2022-01-10 21:09:20+00:00,7c77f9,-37.38372802734375,145.76504914656928,182.066666648627,-13.65504,QFA409,19100.0,4035.0,1044847.2038931912,-4253246.049737697
345,2022-01-10 21:09:30+00:00,7c77f9,-37.392608642578125,145.74813518118353,181.2070114597164,-14.630400000000002,QFA409,18650.0,4035.0,1043257.0688087918,-4254091.027305575
346,2022-01-10 21:09:40+00:00,7c77f9,-37.40158081054688,145.73118818567156,179.92085937441524,-14.305280000000002,QFA409,18175.0,4035.0,1041663.3016616746,-4254946.148399825
347,2022-01-10 21:09:50+00:00,7c77f9,-37.41063522080248,145.71411796238112,179.63600716602582,-14.305280000000002,QFA409,17700.0,4035.0,1040058.0186416742,-4255809.635804117
348,2022-01-10 21:10:00+00:00,7c77f9,-37.41934048927436,145.6975787618886,178.92300196119865,-14.305280000000002,QFA409,17250.0,4035.0,1038503.6113435554,-4256639.023065424
349,2022-01-10 21:10:10+00:00,7c77f9,-37.42827851893537,145.68086043648097,177.63819107886877,-13.32992,QFA409,16800.0,4035.0,1036931.1739326859,-4257493.013027327
350,2022-01-10 21:10:20+00:00,7c77f9,-37.43703033964516,145.6642018193784,177.08385026965232,-14.305280000000002,QFA409,16375.0,4035.0,1035366.1878820311,-4258327.078506987
351,2022-01-10 21:10:30+00:00,7c77f9,-37.444244384765625,145.6459272668717,174.83226262532742,-12.02944,QFA409,15950.0,4035.0,1033674.2875105164,-4258977.403786619
352,2022-01-10 21:10:40+00:00,7c77f9,-37.4483642578125,145.6271686959774,172.44236547241215,-12.02944,QFA409,15625.0,4035.0,1031971.6303174102,-4259280.559542143
353,2022-01-10 21:10:50+00:00,7c77f9,-37.44877624511719,145.60867309570312,169.59651246343114,-12.02944,QFA409,15225.0,4035.0,1030330.4885913758,-4259174.53363259
354,2022-01-10 21:11:00+00:00,7c77f9,-37.44877624511719,145.58920818826428,168.7658613215846,-14.955520000000002,QFA409,14800.0,4035.0,1028607.7804463827,-4259015.081718714
355,2022-01-10 21:11:10+00:00,7c77f9,-37.44877624511719,145.56980298913044,168.22397460978172,-12.02944,QFA409,14275.0,4035.0,1026890.3321191357,-4258856.384522542
356,2022-01-10 21:11:20+00:00,7c77f9,-37.44877624511719,145.551374719498,167.7095330226838,-12.02944,QFA409,13850.0,4035.0,1025259.3238262202,-4258705.922236928
357,2022-01-10 21:11:30+00:00,7c77f9,-37.44877624511719,145.53214864527925,167.2140851370434,-11.70432,QFA409,13550.0,4035.0,1023557.6817219625,-4258549.200999394
358,2022-01-10 21:11:40+00:00,7c77f9,-37.44877624511719,145.5134980574898,166.69970219502235,-11.70432,QFA409,13200.0,4035.0,1021906.9513018063,-4258397.419595354
359,2022-01-10 21:11:50+00:00,7c77f9,-37.44877624511719,145.49486525515294,166.69970219502235,-11.05408,QFA409,12825.0,4035.0,1020257.7725653029,-4258246.027564657
360,2022-01-10 21:12:00+00:00,7c77f9,-37.44877624511719,145.47610668425864,166.17815315857834,-10.72896,QFA409,12500.0,4035.0,1018597.4394696085,-4258093.860661427
361,2022-01-10 21:12:10+00:00,7c77f9,-37.44877624511719,145.45699748587103,165.6709374485019,-11.05408,QFA409,12150.0,4035.0,1016906.0487754132,-4257939.104343603
362,2022-01-10 21:12:20+00:00,7c77f9,-37.44852874238615,145.4385044263757,165.15655565108815,-10.72896,QFA409,11800.0,4035.0,1015271.6792489055,-4257762.104735829
363,2022-01-10 21:12:30+00:00,7c77f9,-37.448272705078125,145.4197140957447,164.13666162121547,-10.40384,QFA409,11475.0,4035.0,1013611.0529438073,-4257582.0000669295
364,2022-01-10 21:12:40+00:00,7c77f9,-37.44806322000795,145.40178381878397,163.6223088805367,-10.72896,QFA409,11150.0,4035.0,1012026.0544014507,-4257414.237459484
365,2022-01-10 21:12:50+00:00,7c77f9,-37.44781494140625,145.38324883643617,162.58465256823231,-10.40384,QFA409,10800.0,4035.0,1010387.8925070816,-4257237.531740228
366,2022-01-10 21:13:00+00:00,7c77f9,-37.44759769762976,145.3647049613621,162.07925413410717,-7.152640000000001,QFA409,10450.0,4035.0,1008748.6008688482,-4257064.441593145
367,2022-01-10 21:13:10+00:00,7c77f9,-37.4473183842029,145.34613567849863,161.0505539216605,-7.152640000000001,QFA409,10150.0,4035.0,1007107.6549151307,-4256884.497960582
368,2022-01-10 21:13:20+00:00,7c77f9,-37.44703907077599,145.3289396866508,156.94673874981942,-2.60096,QFA409,10050.0,4035.0,1005588.2446212677,-4256715.784462002
369,2022-01-10 21:13:30+00:00,7c77f9,-37.446807861328125,145.31107801072142,151.7827769092686,-2.60096,QFA409,9975.0,4035.0,1004009.3962559513,-4256547.301100062
370,2022-01-10 21:13:40+00:00,7c77f9,-37.44657897949219,145.29459851853392,147.15346672279472,-1.6256000000000002,QFA409,9900.0,4035.0,1002552.8546221126,-4256390.326085356
371,2022-01-10 21:13:50+00:00,7c77f9,-37.446340787208726,145.2781279190727,143.54462632450424,-6.827520000000001,QFA409,9775.0,4035.0,1001097.1693432031,-4256232.578864527
372,2022-01-10 21:14:00+00:00,7c77f9,-37.44624768273309,145.2616484268852,143.02375908851243,-7.80288,QFA409,9500.0,4035.0,999639.2251862289,-4256091.061103455
373,2022-01-10 21:14:10+00:00,7c77f9,-37.4461080260196,145.245825726053,142.5093451484441,-7.80288,QFA409,9250.0,4035.0,998239.8695278097,-4255949.782374891
374,2022-01-10 21:14:20+00:00,7c77f9,-37.44593811035156,145.22990774601064,141.99493142618212,-8.128,QFA409,9000.0,4035.0,996832.3601613074,-4255804.564052083
375,2022-01-10 21:14:30+00:00,7c77f9,-37.44575500488281,145.21325294007647,141.48706485214885,-7.80288,QFA409,8725.0,4035.0,995359.7293816964,-4255652.223135142
376,2022-01-10 21:14:40+00:00,7c77f9,-37.44554939916577,145.19746199898097,140.98112320712562,-7.80288,QFA409,8475.0,4035.0,993963.7784898968,-4255504.41099772
377,2022-01-10 21:14:50+00:00,7c77f9,-37.445343017578125,145.18175490359044,139.95240773107915,-7.80288,QFA409,8225.0,4035.0,992575.2369653751,-4255357.3501008125
378,2022-01-10 21:15:00+00:00,7c77f9,-37.445068359375,145.16591822847408,139.95240773107915,-7.80288,QFA409,7975.0,4035.0,991175.8773673921,-4255201.858982542
379,2022-01-10 21:15:10+00:00,7c77f9,-37.44485111559851,145.15059097953466,139.95240773107915,-7.477760000000001,QFA409,7750.0,4035.0,989821.0294590147,-4255056.93162105
380,2022-01-10 21:15:20+00:00,7c77f9,-37.44457180217165,145.13452944548234,139.44848952579542,-7.80288,QFA409,7500.0,4035.0,988401.7621208733,-4254899.501499783
381,2022-01-10 21:15:30+00:00,7c77f9,-37.444292488744736,145.11912470278534,138.94655318805883,-7.477760000000001,QFA409,7250.0,4035.0,987040.6216300351,-4254747.410833689
382,2022-01-10 21:15:40+00:00,7c77f9,-37.44401317531782,145.10288404381794,138.4198554816432,-7.80288,QFA409,7025.0,4035.0,985605.4474207546,-4254588.930600029
383,2022-01-10 21:15:50+00:00,7c77f9,-37.443733861890905,145.08759871773097,137.90553988043035,-7.477760000000001,QFA409,6775.0,4035.0,984254.8342525286,-4254438.117339994
384,2022-01-10 21:16:00+00:00,7c77f9,-37.44359420517748,145.0724328082541,137.3652181308592,-7.80288,QFA409,6525.0,4035.0,982913.4023523639,-4254303.910642857
385,2022-01-10 21:16:10+00:00,7c77f9,-37.44345454846399,145.05661010742188,137.3652181308592,-6.1772800000000005,QFA409,6300.0,4035.0,981513.7984524724,-4254164.735868092
386,2022-01-10 21:16:20+00:00,7c77f9,-37.44451904296875,145.0413870304189,134.3053582103944,-2.27584,QFA409,6200.0,4035.0,980155.4889205178,-4254164.135456648
387,2022-01-10 21:16:30+00:00,7c77f9,-37.44451904296875,145.02648536195147,132.22111546748457,-2.27584,QFA409,6125.0,4035.0,978836.0508427205,-4254047.990187497
388,2022-01-10 21:16:40+00:00,7c77f9,-37.44451904296875,145.01099931432847,132.22111546748457,-5.52704,QFA409,6075.0,4035.0,977464.8555124688,-4253927.455980773
389,2022-01-10 21:16:50+00:00,7c77f9,-37.44451904296875,144.9964838442595,131.72278094082776,-5.52704,QFA409,5925.0,4035.0,976179.5854447475,-4253814.62958943
390,2022-01-10 21:17:00+00:00,7c77f9,-37.44451904296875,144.98148816697142,131.72278094082776,-5.8521600000000005,QFA409,5725.0,4035.0,974851.7818261081,-4253698.226527401
391,2022-01-10 21:17:10+00:00,7c77f9,-37.44451904296875,144.96664493641956,131.21952866939165,-5.52704,QFA409,5525.0,4035.0,973537.4630499254,-4253583.162856819
392,2022-01-10 21:17:20+00:00,7c77f9,-37.44451904296875,144.95238608502328,131.18322,-5.52704,QFA409,5350.0,4035.0,972274.8763175558,-4253472.775441831
393,2022-01-10 21:17:30+00:00,7c77f9,-37.44451904296875,144.93719349736753,130.8398078402065,-3.2512000000000003,QFA409,5200.0,4035.0,970929.5957299671,-4253355.316977266
394,2022-01-10 21:17:40+00:00,7c77f9,-37.44451904296875,144.92246587225733,130.587736066628,-2.60096,QFA409,5125.0,4035.0,969625.4733250474,-4253241.608521989
395,2022-01-10 21:17:50+00:00,7c77f9,-37.44638733944652,144.9085932192595,129.39877333335292,-3.5763200000000004,QFA409,5025.0,4035.0,968378.9894653307,-4253342.136609699
396,2022-01-10 21:18:00+00:00,7c77f9,-37.44845581054688,144.89377285571808,127.45862716785146,-2.92608,QFA409,4925.0,4035.0,967046.6893287285,-4253457.7447695015
397,2022-01-10 21:18:10+00:00,7c77f9,-37.45025117518537,144.88118710725203,124.92624039868454,-2.92608,QFA409,4850.0,4035.0,965914.9314948184,-4253560.354908923
398,2022-01-10 21:18:20+00:00,7c77f9,-37.452392578125,144.8658395320811,121.70705670889392,-2.92608,QFA409,4800.0,4035.0,964535.322115451,-4253680.314973591
399,2022-01-10 21:18:30+00:00,7c77f9,-37.45430121987556,144.85282566236413,120.27872346799457,-6.502400000000001,QFA409,4600.0,4035.0,963364.6331919852,-4253792.482864492
400,2022-01-10 21:18:40+00:00,7c77f9,-37.45623779296875,144.83942559424867,119.17459184987142,-6.502400000000001,QFA409,4425.0,4035.0,962159.5136907714,-4253904.920811289
401,2022-01-10 21:18:50+00:00,7c77f9,-37.45839781680348,144.826195758322,117.41613777322796,-6.827520000000001,QFA409,4200.0,4035.0,960967.3585673057,-4254043.6116913045
402,2022-01-10 21:19:00+00:00,7c77f9,-37.46282027939623,144.81509001358697,112.48927129677554,-5.52704,QFA409,4000.0,4035.0,959941.6349894205,-4254449.955974187
403,2022-01-10 21:19:10+00:00,7c77f9,-37.47056579589844,144.81324540807847,107.29703639917152,-5.8521600000000005,QFA409,3800.0,4035.0,959704.1020600564,-4255296.216017214
404,2022-01-10 21:19:20+00:00,7c77f9,-37.4790670103946,144.81324540807847,101.2945330785562,-5.20192,QFA409,3600.0,4035.0,959622.6482657049,-4256240.5324957315
405,2022-01-10 21:19:30+00:00,7c77f9,-37.48796081542969,144.81324540807847,96.74967100673358,-5.20192,QFA409,3425.0,4035.0,959537.4302904338,-4257228.488169925
406,2022-01-10 21:19:40+00:00,7c77f9,-37.49661720405192,144.81324540807847,94.55838976716852,-5.20192,QFA409,3250.0,4035.0,959454.4846159919,-4258190.100429008
407,2022-01-10 21:19:50+00:00,7c77f9,-37.50467074119439,144.81324540807847,92.31510878945188,-4.8768,QFA409,3100.0,4035.0,959377.3132080616,-4259084.770011427
408,2022-01-10 21:20:00+00:00,7c77f9,-37.51277160644531,144.81324540807847,91.68079134343986,-4.8768,QFA409,2950.0,4035.0,959299.6860812048,-4259984.72287003
409,2022-01-10 21:20:10+00:00,7c77f9,-37.520777815479335,144.81324540807847,90.43246592309389,-4.8768,QFA409,2800.0,4035.0,959222.9638279612,-4260874.1852773195
410,2022-01-10 21:20:20+00:00,7c77f9,-37.52906411381093,144.81324540807847,87.74249245129887,-4.8768,QFA409,2625.0,4035.0,959143.5552422284,-4261794.79108384
411,2022-01-10 21:20:30+00:00,7c77f9,-37.53648376464844,144.81324540807847,85.19447372954892,-4.55168,QFA409,2475.0,4035.0,959072.4498728568,-4262619.135395153
412,2022-01-10 21:20:40+00:00,7c77f9,-37.54396082991264,144.81461234714675,81.62979784604522,-4.8768,QFA409,2350.0,4035.0,959121.7235574678,-4263460.312267038
413,2022-01-10 21:20:50+00:00,7c77f9,-37.55122297901221,144.81592592985734,79.59431283865429,-4.55168,QFA409,2200.0,4035.0,959168.3174293555,-4264277.224289486
414,2022-01-10 21:21:00+00:00,7c77f9,-37.55825236692266,144.81729922087297,78.06846608184988,-4.22656,QFA409,2075.0,4035.0,959222.4057469545,-4265068.749832306
415,2022-01-10 21:21:10+00:00,7c77f9,-37.56491088867188,144.81856325839428,76.90034458989064,-4.22656,QFA409,1925.0,4035.0,959270.3680953364,-4265818.251861267
416,2022-01-10 21:21:20+00:00,7c77f9,-37.57191467285156,144.81979045462103,76.90034458989064,-3.90144,QFA409,1800.0,4035.0,959311.7443363869,-4266605.8546957085
417,2022-01-10 21:21:30+00:00,7c77f9,-37.57845603813559,144.82100113578466,75.44808413794365,-4.22656,QFA409,1675.0,4035.0,959356.0785022973,-4267341.966391731
418,2022-01-10 21:21:40+00:00,7c77f9,-37.5854388738083,144.82231471849525,75.30061473347213,-3.90144,QFA409,1550.0,4035.0,959405.2617811466,-4268127.937757283
419,2022-01-10 21:21:50+00:00,7c77f9,-37.59195618710277,144.82344917629075,74.35451178409446,-4.22656,QFA409,1425.0,4035.0,959443.0543453046,-4268860.829241093
420,2022-01-10 21:22:00+00:00,7c77f9,-37.59852005263508,144.82470305069634,73.84556468297389,-3.90144,QFA409,1275.0,4035.0,959490.9443900784,-4269599.8222405035
421,2022-01-10 21:22:10+00:00,7c77f9,-37.59852005263508,144.82470305069634,73.84556468297389,-3.90144,QFA409,1150.0,4035.0,959490.9443900784,-4269599.8222405035
422,2022-01-10 21:22:20+00:00,7c77f9,-37.59852005263508,144.82470305069634,73.84556468297389,-3.5763200000000004,QFA409,1025.0,4035.0,959490.9443900784,-4269599.8222405035
423,2022-01-10 21:22:30+00:00,7c77f9,-37.59852005263508,144.82470305069634,73.84556468297389,-3.90144,QFA409,900.0,4035.0,959490.9443900784,-4269599.8222405035
424,2022-01-10 21:22:40+00:00,7c77f9,-37.59852005263508,144.82470305069634,73.84556468297389,-3.5763200000000004,QFA409,775.0,4035.0,959490.9443900784,-4269599.8222405035
425,2022-01-10 21:22:50+00:00,7c77f9,-37.59852005263508,144.82470305069634,73.84556468297389,-3.90144,QFA409,650.0,4035.0,959490.9443900784,-4269599.8222405035
426,2022-01-10 21:23:00+00:00,7c77f9,-37.59852005263508,144.82470305069634,73.33669428943325,-3.90144,QFA409,525.0,4035.0,959490.9443900784,-4269599.8222405035
427,2022-01-10 21:23:10+00:00,7c77f9,-37.59852005263508,144.82470305069634,73.33669428943325,-3.5763200000000004,QFA409,400.0,4035.0,959490.9443900784,-4269599.8222405035
428,2022-01-10 21:23:20+00:00,7c77f9,-37.59852005263508,144.82470305069634,73.33669428943325,-3.90144,QFA409,300.0,4035.0,959490.9443900784,-4269599.8222405035
