,timestamp,icao24,latitude,longitude,groundspeed,vertical_rate,callsign,altitude,squawk,x,y
0,2020-07-06 04:34:10+00:00,7c6db8,-33.95855712890625,151.17854527064733,77.92595572417139,10.40384,QFA451,425.0,4340.0,1574842.0331373708,-3932355.656380266
1,2020-07-06 04:34:20+00:00,7c6db8,-33.965606689453125,151.17820895448023,79.39122757271723,7.477760000000001,QFA451,800.0,4340.0,1574705.3796302048,-3933122.176038457
2,2020-07-06 04:34:30+00:00,7c6db8,-33.97326453257415,151.17782592773438,87.50993358858922,7.477760000000001,QFA451,1075.0,4340.0,1574555.325975587,-3933954.6294074594
3,2020-07-06 04:34:40+00:00,7c6db8,-33.98122496524098,151.17742538452148,96.2684048225816,7.80288,QFA451,1300.0,4340.0,1574399.1294454318,-3934819.96284602
4,2020-07-06 04:34:50+00:00,7c6db8,-33.99110412597656,151.17703184789542,108.09324180412604,5.8521600000000005,QFA451,1525.0,4340.0,1574214.71988671,-3935895.1910238047
5,2020-07-06 04:35:00+00:00,7c6db8,-34.001312255859375,151.17658342633928,119.95483919427478,5.52704,QFA451,1700.0,4340.0,1574020.3683390846,-3937005.7274005176
6,2020-07-06 04:35:10+00:00,7c6db8,-34.012601173530186,151.17605209350586,132.79034367781946,1.30048,QFA451,1750.0,4340.0,1573802.2182420334,-3938233.4306102265
7,2020-07-06 04:35:20+00:00,7c6db8,-34.02582200907045,151.1766815185547,147.6920253297999,1.30048,QFA451,1775.0,4340.0,1573660.7025841556,-3939686.9521041447
8,2020-07-06 04:35:30+00:00,7c6db8,-34.0395549192267,151.17971420288086,159.7537072667545,1.30048,QFA451,1825.0,4340.0,1573730.2398364744,-3941226.605132215
9,2020-07-06 04:35:40+00:00,7c6db8,-34.05398611295021,151.1839485168457,167.69296276670292,10.07872,QFA451,2025.0,4340.0,1573898.5629979037,-3942857.711531736
10,2020-07-06 04:35:50+00:00,7c6db8,-34.06809144100902,151.18841171264648,170.96035331003628,15.60576,QFA451,2475.0,4340.0,1574092.5050552674,-3944456.1009331085
11,2020-07-06 04:36:00+00:00,7c6db8,-34.08382609739141,151.1935043334961,172.7183961140501,17.881600000000002,QFA451,3025.0,4340.0,1574319.0714790062,-3946240.608857658
12,2020-07-06 04:36:10+00:00,7c6db8,-34.09946764929822,151.19693756103516,173.00775430605222,17.881600000000002,QFA451,3600.0,4340.0,1574395.9198626867,-3947994.2081890213
13,2020-07-06 04:36:20+00:00,7c6db8,-34.11515808105469,151.19558528977998,173.00775430605222,17.881600000000002,QFA451,4200.0,4340.0,1574036.615578422,-3949693.2653656974
14,2020-07-06 04:36:30+00:00,7c6db8,-34.12954039492848,151.18932723999023,170.34622837508533,20.482560000000003,QFA451,4875.0,4340.0,1573250.8413169985,-3951187.898158585
15,2020-07-06 04:36:40+00:00,7c6db8,-34.14192329018806,151.1795425415039,170.41224426400024,20.482560000000003,QFA451,5575.0,4340.0,1572174.5762547017,-3952419.821251707
16,2020-07-06 04:36:50+00:00,7c6db8,-34.152630304886145,151.16621017456055,170.41224426400024,17.881600000000002,QFA451,6250.0,4340.0,1570801.0999490842,-3953424.2252152553
17,2020-07-06 04:37:00+00:00,7c6db8,-34.16166687011719,151.1527610311703,170.41224426400024,16.581120000000002,QFA451,6725.0,4340.0,1569442.3278428777,-3954244.640802973
18,2020-07-06 04:37:10+00:00,7c6db8,-34.17171672239141,151.13800048828125,171.06326666928678,17.231360000000002,QFA451,7300.0,4340.0,1567949.3003448623,-3955159.717805604
19,2020-07-06 04:37:20+00:00,7c6db8,-34.182051319187,151.1228370666504,172.90905951067106,15.280640000000002,QFA451,7825.0,4340.0,1566415.6077365167,-3956101.1418280858
20,2020-07-06 04:37:30+00:00,7c6db8,-34.19159452793963,151.1088752746582,173.95967788882876,16.256,QFA451,8350.0,4340.0,1565003.2574148127,-3956971.184467097
21,2020-07-06 04:37:40+00:00,7c6db8,-34.2020222292108,151.09359741210938,176.5292679080012,14.305280000000002,QFA451,8825.0,4340.0,1563458.2413237367,-3957921.8156538205
22,2020-07-06 04:37:50+00:00,7c6db8,-34.2122171692929,151.07872009277344,178.70173332873813,14.305280000000002,QFA451,9275.0,4340.0,1561953.364121638,-3958852.194608745
23,2020-07-06 04:38:00+00:00,7c6db8,-34.22176037804559,151.06481552124023,179.75383025464086,14.955520000000002,QFA451,9750.0,4340.0,1560546.876173798,-3959723.569061958
24,2020-07-06 04:38:10+00:00,7c6db8,-34.23234558105469,151.04939986248405,180.87444279362663,14.955520000000002,QFA451,10250.0,4340.0,1558987.7083818244,-3960690.402948297
25,2020-07-06 04:38:20+00:00,7c6db8,-34.243194580078125,151.03353694993623,182.7196170934163,15.280640000000002,QFA451,10725.0,4340.0,1557384.218785495,-3961680.7989744535
26,2020-07-06 04:38:30+00:00,7c6db8,-34.25372314453125,151.01817851163904,183.8408659787396,15.280640000000002,QFA451,11225.0,4340.0,1555831.614855133,-3962642.6305496325
27,2020-07-06 04:38:40+00:00,7c6db8,-34.264251708984375,151.00276402064733,184.5649854495212,16.581120000000002,QFA451,11750.0,4340.0,1554274.1726555137,-3963604.0070381025
28,2020-07-06 04:38:50+00:00,7c6db8,-34.27427673339844,150.9880221619898,184.9624720400126,16.581120000000002,QFA451,12275.0,4340.0,1552785.586925087,-3964518.8293068027
29,2020-07-06 04:39:00+00:00,7c6db8,-34.28497831700213,150.97223281860352,186.0844288187041,15.60576,QFA451,12775.0,4340.0,1551192.0192199063,-3965494.982298289
30,2020-07-06 04:39:10+00:00,7c6db8,-34.29573188393806,150.95638275146484,187.2067300091149,16.581120000000002,QFA451,13300.0,4340.0,1549592.4292279028,-3966476.3263234007
31,2020-07-06 04:39:20+00:00,7c6db8,-34.30677795410156,150.9400410554847,189.0530954842784,14.955520000000002,QFA451,13800.0,4340.0,1547944.1139162881,-3967483.881264565
32,2020-07-06 04:39:30+00:00,7c6db8,-34.317352294921875,150.92434630102042,190.5006345665914,15.60576,QFA451,14325.0,4340.0,1546361.8306182816,-3968448.032271402
33,2020-07-06 04:39:40+00:00,7c6db8,-34.328521728515625,150.90792286152742,192.6007158939121,16.581120000000002,QFA451,14775.0,4340.0,1544704.8205910353,-3969468.610943517
34,2020-07-06 04:39:50+00:00,7c6db8,-34.33921167405987,150.89235305786133,193.98086365202525,16.581120000000002,QFA451,15275.0,4340.0,1543132.7069754961,-3970447.456483502
35,2020-07-06 04:40:00+00:00,7c6db8,-34.350523867849574,150.8759307861328,195.42982082707732,16.256,QFA451,15825.0,4340.0,1541474.2554546788,-3971484.2063444317
36,2020-07-06 04:40:10+00:00,7c6db8,-34.362022270590614,150.85922241210938,196.54992643153085,15.60576,QFA451,16300.0,4340.0,1539787.372002966,-3972538.10830404
37,2020-07-06 04:40:20+00:00,7c6db8,-34.37356722556939,150.84234237670898,198.1377576486477,14.955520000000002,QFA451,16825.0,4340.0,1538084.5215461769,-3973595.288001027
38,2020-07-06 04:40:30+00:00,7c6db8,-34.384735107421875,150.825749611368,198.9349027960677,16.256,QFA451,17325.0,4340.0,1536413.6131248095,-3974614.984024861
39,2020-07-06 04:40:40+00:00,7c6db8,-34.39581298828125,150.8092701191805,200.05787275588068,15.60576,QFA451,17825.0,4340.0,1534754.6027645331,-3975626.4852389446
40,2020-07-06 04:40:50+00:00,7c6db8,-34.407440185546875,150.79194983657527,201.1811518980512,14.630400000000002,QFA451,18325.0,4340.0,1533011.4923832081,-3976688.1478674654
41,2020-07-06 04:41:00+00:00,7c6db8,-34.41872289625269,150.77505111694336,202.30473507245628,14.955520000000002,QFA451,18775.0,4340.0,1531312.0175683226,-3977717.526854512
42,2020-07-06 04:41:10+00:00,7c6db8,-34.430174746755824,150.75788497924805,203.4286172413755,14.305280000000002,QFA451,19250.0,4340.0,1529586.0942592307,-3978762.4574824665
43,2020-07-06 04:41:20+00:00,7c6db8,-34.44148694054559,150.74094772338867,204.5527934764782,14.305280000000002,QFA451,19700.0,4340.0,1527883.2951104343,-3979795.1714218
44,2020-07-06 04:41:30+00:00,7c6db8,-34.45307844776221,150.72355270385742,205.5987529895553,13.65504,QFA451,20150.0,4340.0,1526135.1755490184,-3980853.2012706664
45,2020-07-06 04:41:40+00:00,7c6db8,-34.464949268405746,150.70575714111328,206.7226499067708,13.0048,QFA451,20600.0,4340.0,1524346.9499265119,-3981937.26451974
46,2020-07-06 04:41:50+00:00,7c6db8,-34.4766804323358,150.6881332397461,208.1693688979188,12.35456,QFA451,21000.0,4340.0,1522576.669680734,-3983008.427903474
47,2020-07-06 04:42:00+00:00,7c6db8,-34.48841857910156,150.67065180564413,209.61620345837864,11.70432,QFA451,21375.0,4340.0,1520819.5333889257,-3984082.3899497613
48,2020-07-06 04:42:10+00:00,7c6db8,-34.50032043457031,150.65282704878828,211.7866668102561,10.72896,QFA451,21750.0,4340.0,1519029.1966133565,-3985170.4396502734
49,2020-07-06 04:42:20+00:00,7c6db8,-34.51240539550781,150.63483413384887,213.9573771094172,10.40384,QFA451,22075.0,4340.0,1517221.2757561042,-3986276.8337395596
50,2020-07-06 04:42:30+00:00,7c6db8,-34.524810791015625,150.61628069196428,215.8041993435721,10.40384,QFA451,22425.0,4340.0,1515358.2087082947,-3987411.894891375
51,2020-07-06 04:42:40+00:00,7c6db8,-34.537198341498936,150.59778213500977,217.2513518487612,10.40384,QFA451,22775.0,4340.0,1513500.7396401076,-3988546.005982903
52,2020-07-06 04:42:50+00:00,7c6db8,-34.548797607421875,150.58046302016902,218.37466105614607,10.72896,QFA451,23100.0,4340.0,1511762.0053027123,-3989608.285205919
53,2020-07-06 04:43:00+00:00,7c6db8,-34.56173137082891,150.56116104125977,220.2216935026429,10.40384,QFA451,23450.0,4340.0,1509824.4821280574,-3990793.249959549
54,2020-07-06 04:43:10+00:00,7c6db8,-34.574253922801915,150.54244995117188,221.26893688964248,10.40384,QFA451,23800.0,4340.0,1507946.8693048907,-3991940.621794254
55,2020-07-06 04:43:20+00:00,7c6db8,-34.58710234043963,150.5233383178711,222.3921836147477,9.7536,QFA451,24100.0,4340.0,1506028.6067720542,-3993119.2494564527
56,2020-07-06 04:43:30+00:00,7c6db8,-34.59906005859375,150.5053524095185,223.515705846122,10.72896,QFA451,24450.0,4340.0,1504225.626812269,-3994214.114902128
57,2020-07-06 04:43:40+00:00,7c6db8,-34.612100892147794,150.48580169677734,224.2391704808788,10.07872,QFA451,24800.0,4340.0,1502265.5506545466,-3995409.2884854213
58,2020-07-06 04:43:50+00:00,7c6db8,-34.62428283691406,150.46751684072066,225.04029228913112,11.05408,QFA451,25125.0,4340.0,1500432.9579225117,-3996525.8306236076
59,2020-07-06 04:44:00+00:00,7c6db8,-34.6376953125,150.4474499760842,226.0862861637721,10.07872,QFA451,25475.0,4340.0,1498421.5437126704,-3997756.318265559
60,2020-07-06 04:44:10+00:00,7c6db8,-34.650320279396226,150.428466796875,226.0862861637721,11.05408,QFA451,25825.0,4340.0,1496520.0547154215,-3998913.7999221804
61,2020-07-06 04:44:20+00:00,7c6db8,-34.66300964355469,150.4094462492028,226.48685578259327,9.10336,QFA451,26150.0,4340.0,1494614.6325882927,-4000078.254677892
62,2020-07-06 04:44:30+00:00,7c6db8,-34.676055908203125,150.38977175342794,226.48685578259327,10.07872,QFA451,26475.0,4340.0,1492645.2417917075,-4001274.4240349396
63,2020-07-06 04:44:40+00:00,7c6db8,-34.68910217285156,150.37009725765307,226.48685578259327,13.98016,QFA451,26900.0,4340.0,1490676.2559277373,-4002470.97865618
64,2020-07-06 04:44:50+00:00,7c6db8,-34.70159912109375,150.35137565768494,225.3628794787936,13.98016,QFA451,27375.0,4340.0,1488801.8259026087,-4003618.988164073
65,2020-07-06 04:45:00+00:00,7c6db8,-34.71368408203125,150.33327063735652,224.2391704808788,13.98016,QFA451,27800.0,4340.0,1486989.4858464163,-4004729.47656641
66,2020-07-06 04:45:10+00:00,7c6db8,-34.72708491955774,150.31316757202148,222.7922677121992,13.32992,QFA451,28275.0,4340.0,1484977.7980600893,-4005960.9482979053
67,2020-07-06 04:45:20+00:00,7c6db8,-34.739501953125,150.2944821727519,222.06885633810708,12.67968,QFA451,28700.0,4340.0,1483108.9101726532,-4007101.68644333
68,2020-07-06 04:45:30+00:00,7c6db8,-34.752044677734375,150.27564846739477,221.7462511136372,11.3792,QFA451,29075.0,4340.0,1481225.1721499,-4008254.8060332085
69,2020-07-06 04:45:40+00:00,7c6db8,-34.7646525754767,150.2566909790039,221.34547198621885,11.05408,QFA451,29450.0,4340.0,1479329.67649311,-4009413.968547457
70,2020-07-06 04:45:50+00:00,7c6db8,-34.776895814022794,150.23826599121094,220.62211492233888,11.05408,QFA451,29800.0,4340.0,1477487.935409321,-4010539.7613130775
71,2020-07-06 04:46:00+00:00,7c6db8,-34.78944396972656,150.2193715621014,220.62211492233888,10.40384,QFA451,30175.0,4340.0,1475599.7395790706,-4011693.818607313
72,2020-07-06 04:46:10+00:00,7c6db8,-34.80175470901747,150.20078659057617,220.7012726285276,10.07872,QFA451,30500.0,4340.0,1473743.2880668563,-4012825.822775261
73,2020-07-06 04:46:20+00:00,7c6db8,-34.81395139532577,150.1823616027832,220.7012726285276,10.07872,QFA451,30825.0,4340.0,1471903.2889065545,-4013947.5353798186
74,2020-07-06 04:46:30+00:00,7c6db8,-34.826751708984375,150.16298255141902,220.7012726285276,9.7536,QFA451,31150.0,4340.0,1469968.7921593615,-4015124.6322610956
75,2020-07-06 04:46:40+00:00,7c6db8,-34.839275812698645,150.14402389526367,220.3802681350213,10.07872,QFA451,31475.0,4340.0,1468076.6194803237,-4016276.7163786003
76,2020-07-06 04:46:50+00:00,7c6db8,-34.851612155720375,150.1252555847168,219.9782034074556,9.7536,QFA451,31800.0,4340.0,1466204.6916597642,-4017410.782246935
77,2020-07-06 04:47:00+00:00,7c6db8,-34.864105224609375,150.10631327726404,219.9782034074556,9.7536,QFA451,32125.0,4340.0,1464315.181765114,-4018560.3625092413
78,2020-07-06 04:47:10+00:00,7c6db8,-34.87651062011719,150.08759167729593,219.57660774940987,9.7536,QFA451,32450.0,4340.0,1462447.2377420994,-4019703.2491610684
79,2020-07-06 04:47:20+00:00,7c6db8,-34.88859558105469,150.0692624461894,219.17548373931507,9.7536,QFA451,32775.0,4340.0,1460619.6506539125,-4020815.8897756054
80,2020-07-06 04:47:30+00:00,7c6db8,-34.900538557666835,150.05121231079102,218.45221016944672,10.07872,QFA451,33075.0,4340.0,1458819.6419838928,-4021916.5257227877
81,2020-07-06 04:47:40+00:00,7c6db8,-34.91294860839844,150.03243582589286,217.7289649862553,9.7536,QFA451,33425.0,4340.0,1456947.7519245094,-4023060.312251984
82,2020-07-06 04:47:50+00:00,7c6db8,-34.92521667480469,150.0138823840083,217.4072237833257,10.07872,QFA451,33750.0,4340.0,1455098.3835019257,-4024191.4520327304
83,2020-07-06 04:48:00+00:00,7c6db8,-34.9376220703125,149.99504867865116,216.2825609189872,9.42848,QFA451,34075.0,4340.0,1453222.1212613021,-4025334.762336964
84,2020-07-06 04:48:10+00:00,7c6db8,-34.94952392578125,149.9769997110172,215.55940261397768,9.42848,QFA451,34375.0,4340.0,1451424.1962202534,-4026432.2300268165
85,2020-07-06 04:48:20+00:00,7c6db8,-34.96198751158636,149.95805740356445,215.2381070588032,9.42848,QFA451,40000.0,4340.0,1449538.0311755333,-4027581.362766607
86,2020-07-06 04:48:30+00:00,7c6db8,-34.97404454118117,149.93968963623047,215.2381070588032,8.45312,QFA451,40000.0,4340.0,1447709.831493657,-4028692.850490655
87,2020-07-06 04:48:40+00:00,7c6db8,-34.98600769042969,149.92150754344706,214.51512893884927,8.45312,QFA451,40000.0,4340.0,1445900.0663035458,-4029796.5048137717
88,2020-07-06 04:48:50+00:00,7c6db8,-34.99827575683594,149.90278594347896,214.194738098604,8.45312,QFA451,40000.0,4340.0,1444037.659802537,-4030927.7552569997
89,2020-07-06 04:49:00+00:00,7c6db8,-35.009765625,149.88518539740116,213.7921817269332,8.45312,QFA451,40000.0,4340.0,1442287.714151815,-4031986.798535385
90,2020-07-06 04:49:10+00:00,7c6db8,-35.02185368942003,149.86679077148438,213.06926573766907,7.80288,QFA451,40000.0,4340.0,1440458.0466253504,-4033102.7104555466
91,2020-07-06 04:49:20+00:00,7c6db8,-35.0338176145392,149.84853744506836,213.06926573766907,7.80288,QFA451,40000.0,4340.0,1438643.2173215544,-4034206.9475456397
92,2020-07-06 04:49:30+00:00,7c6db8,-35.046014300847446,149.82988357543945,213.06926573766907,7.80288,QFA451,40000.0,4340.0,1436789.3353593878,-4035332.487990994
93,2020-07-06 04:49:40+00:00,7c6db8,-35.05797822596662,149.81163024902344,213.06926573766907,7.80288,QFA451,40000.0,4340.0,1434975.2049379926,-4036437.3916271357
94,2020-07-06 04:49:50+00:00,7c6db8,-35.06938352423202,149.79412078857422,212.833758261106,7.152640000000001,QFA451,40000.0,4340.0,1433236.315540902,-4037489.7748144306
95,2020-07-06 04:50:00+00:00,7c6db8,-35.08116124039992,149.77581024169922,212.92078344686303,5.8521600000000005,QFA451,40000.0,4340.0,1431420.2774358033,-4038574.2267987374
96,2020-07-06 04:50:10+00:00,7c6db8,-35.09293895656782,149.75749969482422,212.833758261106,6.502400000000001,QFA451,40000.0,4340.0,1429604.5806135456,-4039659.008075572
97,2020-07-06 04:50:20+00:00,7c6db8,-35.1053466796875,149.73827128507654,212.833758261106,5.20192,QFA451,40000.0,4340.0,1427697.6870889734,-4040802.8717789142
98,2020-07-06 04:50:30+00:00,7c6db8,-35.11674499511719,149.7206707389987,213.1524699699576,5.52704,QFA451,40000.0,4340.0,1425951.9945094746,-4041854.7202584357
99,2020-07-06 04:50:40+00:00,7c6db8,-35.12859797073622,149.70251083374023,214.194738098604,4.22656,QFA451,40000.0,4340.0,1424149.880825829,-4042950.465875083
100,2020-07-06 04:50:50+00:00,7c6db8,-35.14036560058594,149.68451675103637,214.51512893884927,4.55168,QFA451,40000.0,4340.0,1422364.2439020767,-4044039.040809013
101,2020-07-06 04:51:00+00:00,7c6db8,-35.1531310000662,149.66503143310547,215.2381070588032,4.55168,QFA451,40000.0,4340.0,1420430.6931636157,-4045220.666822682
102,2020-07-06 04:51:10+00:00,7c6db8,-35.16495526847194,149.6469497680664,215.2381070588032,4.8768,QFA451,40000.0,4340.0,1418637.077807228,-4046315.1408606297
103,2020-07-06 04:51:20+00:00,7c6db8,-35.17705885030455,149.62852478027344,215.2381070588032,4.8768,QFA451,40000.0,4340.0,1416809.0028382528,-4047436.7480857214
104,2020-07-06 04:51:30+00:00,7c6db8,-35.18939519332628,149.60969924926758,214.9175625919784,6.1772800000000005,QFA451,40000.0,4340.0,1414941.9690394935,-4048579.750215251
105,2020-07-06 04:51:40+00:00,7c6db8,-35.2012939453125,149.59146927814095,214.9175625919784,5.52704,QFA451,40000.0,4340.0,1413134.9998009657,-4049681.7282087426
106,2020-07-06 04:51:50+00:00,7c6db8,-35.21278381347656,149.5738126793686,213.4719456001156,4.8768,QFA451,40000.0,4340.0,1411385.6658774223,-4050745.553665506
107,2020-07-06 04:52:00+00:00,7c6db8,-35.225054207494736,149.55499649047852,212.7491854226108,4.8768,QFA451,40000.0,4340.0,1409521.444977319,-4051882.433046628
108,2020-07-06 04:52:10+00:00,7c6db8,-35.23704528808594,149.53657150268555,212.346381289942,4.8768,QFA451,40000.0,4340.0,1407696.6680312091,-4052993.3552969364
109,2020-07-06 04:52:20+00:00,7c6db8,-35.24902860997088,149.51819886552528,212.02645789661875,4.8768,QFA451,40000.0,4340.0,1405877.0661659525,-4054104.3454930047
110,2020-07-06 04:52:30+00:00,7c6db8,-35.26066666942535,149.50037530127992,211.62352870697984,5.52704,QFA451,40000.0,4340.0,1404112.0025857247,-4055183.8652157267
111,2020-07-06 04:52:40+00:00,7c6db8,-35.27249093783104,149.48220110954122,212.02645789661875,-0.32512,QFA451,40000.0,4340.0,1402313.1371559275,-4056280.2481866577
112,2020-07-06 04:52:50+00:00,7c6db8,-35.28408244504766,149.4643775452959,211.303763357176,0.0,QFA451,40000.0,4340.0,1400549.3710312913,-4057355.285454345
113,2020-07-06 04:53:00+00:00,7c6db8,-35.29609292240468,149.44579428814828,211.70730113696632,0.0,QFA451,40000.0,4340.0,1398711.7968438445,-4058468.2246923633
114,2020-07-06 04:53:10+00:00,7c6db8,-35.30799865722656,149.42739486694336,211.70730113696632,0.0,QFA451,40000.0,4340.0,1396892.5592829678,-4059572.0352197844
115,2020-07-06 04:53:20+00:00,7c6db8,-35.31953430175781,149.40954208374023,211.70730113696632,-0.32512,QFA451,40000.0,4340.0,1395127.9247627468,-4060641.5704475357
116,2020-07-06 04:53:30+00:00,7c6db8,-35.331298828125,149.3913459777832,211.70730113696632,-0.32512,QFA451,40000.0,4340.0,1393329.5962628967,-4061732.770184949
117,2020-07-06 04:53:40+00:00,7c6db8,-35.34320378707628,149.3729222074468,211.70730113696632,-0.32512,QFA451,40000.0,4340.0,1391509.2054448246,-4062837.211150744
118,2020-07-06 04:53:50+00:00,7c6db8,-35.354981503244176,149.35468957779256,211.3889144833946,-0.32512,QFA451,40000.0,4340.0,1389708.0940421168,-4063930.112089069
119,2020-07-06 04:54:00+00:00,7c6db8,-35.36686706542969,149.33629989624023,210.9847677456247,0.0,QFA451,40000.0,4340.0,1387891.7276676937,-4065033.4610703858
120,2020-07-06 04:54:10+00:00,7c6db8,-35.37835693359375,149.3185043334961,210.9847677456247,0.0,QFA451,40000.0,4340.0,1386134.5313315205,-4066100.1936522033
121,2020-07-06 04:54:20+00:00,7c6db8,-35.39045430846136,149.2998163750831,210.9847677456247,0.0,QFA451,40000.0,4340.0,1384289.1452112987,-4067224.1985364933
122,2020-07-06 04:54:30+00:00,7c6db8,-35.40184020996094,149.28216934204102,210.66654536898653,0.0,QFA451,40000.0,4340.0,1382547.3835066892,-4068281.772235944
123,2020-07-06 04:54:40+00:00,7c6db8,-35.413451113943324,149.26416924659242,210.66654536898653,0.32512,QFA451,40000.0,4340.0,1380771.1411505786,-4069360.5126211788
124,2020-07-06 04:54:50+00:00,7c6db8,-35.4254150390625,149.2456444273604,210.58110214390263,0.32512,QFA451,40000.0,4340.0,1378943.2712099669,-4070472.631703338
125,2020-07-06 04:55:00+00:00,7c6db8,-35.43714620299261,149.2274702356217,210.2622688386312,0.32512,QFA451,40000.0,4340.0,1377150.4252852278,-4071563.334496144
126,2020-07-06 04:55:10+00:00,7c6db8,-35.44864460573359,149.2097051092919,210.2622688386312,0.0,QFA451,40000.0,4340.0,1375397.8421587283,-4072633.24166692
127,2020-07-06 04:55:20+00:00,7c6db8,-35.46028266518806,149.1915309175532,209.9442119217749,0.0,QFA451,40000.0,4340.0,1373606.9112464439,-4073714.3469346096
128,2020-07-06 04:55:30+00:00,7c6db8,-35.4722900390625,149.17282104492188,209.9442119217749,0.0,QFA451,40000.0,4340.0,1371763.1936394514,-4074830.5462826486
129,2020-07-06 04:55:40+00:00,7c6db8,-35.48414611816406,149.15422439575195,209.9442119217749,0.0,QFA451,40000.0,4340.0,1369932.035486765,-4075931.6822970184
130,2020-07-06 04:55:50+00:00,7c6db8,-35.49554443359375,149.1364860534668,209.5398047726945,0.0,QFA451,40000.0,4340.0,1368184.5283912886,-4076992.1494015506
131,2020-07-06 04:56:00+00:00,7c6db8,-35.50711421643274,149.1185419610206,209.5398047726945,0.0,QFA451,40000.0,4340.0,1366416.5570468593,-4078069.549056032
132,2020-07-06 04:56:10+00:00,7c6db8,-35.51898503707628,149.10007557970414,209.5398047726945,0.0,QFA451,40000.0,4340.0,1364597.9458249442,-4079174.7089183466
133,2020-07-06 04:56:20+00:00,7c6db8,-35.53074645996094,149.0817832946777,209.5398047726945,0.0,QFA451,40000.0,4340.0,1362796.7906818572,-4080270.0561625287
134,2020-07-06 04:56:30+00:00,7c6db8,-35.54226115598516,149.06384407205786,209.22191451118005,0.0,QFA451,40000.0,4340.0,1361030.9939305822,-4081342.41130882
135,2020-07-06 04:56:40+00:00,7c6db8,-35.553497314453125,149.04630661010742,208.9048073753364,0.0,QFA451,40000.0,4340.0,1359305.3347538735,-4082388.7822894366
136,2020-07-06 04:56:50+00:00,7c6db8,-35.565164856991544,149.0280216298205,208.4996535117229,0.0,QFA451,40000.0,4340.0,1357507.0836575849,-4083474.843078395
137,2020-07-06 04:57:00+00:00,7c6db8,-35.57679748535156,149.0097999572754,208.4996535117229,-0.32512,QFA451,40000.0,4340.0,1355715.3241540717,-4084558.0719056805
138,2020-07-06 04:57:10+00:00,7c6db8,-35.58787536621094,148.99246215820312,208.18271746850084,0.32512,QFA451,40000.0,4340.0,1354010.66494652,-4085590.1049820716
139,2020-07-06 04:57:20+00:00,7c6db8,-35.599273681640625,148.974609375,208.09498261550868,0.0,QFA451,40000.0,4340.0,1352255.8054628796,-4086652.152032793
140,2020-07-06 04:57:30+00:00,7c6db8,-35.61129812466896,148.95585080410572,207.7774293031127,0.0,QFA451,40000.0,4340.0,1350411.6306109685,-4087773.681473114
141,2020-07-06 04:57:40+00:00,7c6db8,-35.622711181640625,148.93804550170898,207.7774293031127,0.0,QFA451,40000.0,4340.0,1348661.5094959289,-4088838.4995654766
142,2020-07-06 04:57:50+00:00,7c6db8,-35.634429931640625,148.919677734375,207.7774293031127,-0.32512,QFA451,40000.0,4340.0,1346857.161920092,-4089931.2442430654
143,2020-07-06 04:58:00+00:00,7c6db8,-35.6455078125,148.9023399353027,207.46066559984183,-0.32512,QFA451,40000.0,4340.0,1345154.0942749754,-4090964.805273195
144,2020-07-06 04:58:10+00:00,7c6db8,-35.65699768066406,148.88437271118164,207.37262526261424,0.32512,QFA451,40000.0,4340.0,1343389.3935400648,-4092037.279272239
145,2020-07-06 04:58:20+00:00,7c6db8,-35.6689453125,148.8657188415527,206.96830818766807,0.32512,QFA451,40000.0,4340.0,1341557.3561908104,-4093153.127616243
146,2020-07-06 04:58:30+00:00,7c6db8,-35.680206298828125,148.84815216064453,206.65030422766128,0.0,QFA451,39975.0,4340.0,1339832.292422179,-4094205.3197028665
147,2020-07-06 04:58:40+00:00,7c6db8,-35.69132995605469,148.8308143615723,206.65030422766128,0.0,QFA451,39975.0,4340.0,1338129.8918901668,-4095245.1327409083
148,2020-07-06 04:58:50+00:00,7c6db8,-35.703369140625,148.8119888305664,205.9280198928204,0.0,QFA451,39975.0,4340.0,1336282.2674006536,-4096370.212735749
149,2020-07-06 04:59:00+00:00,7c6db8,-35.71492340605141,148.79391934009308,205.9280198928204,0.0,QFA451,39975.0,4340.0,1334509.2028600643,-4097450.278563
150,2020-07-06 04:59:10+00:00,7c6db8,-35.72628215207891,148.7760373379322,205.7010622211096,0.0,QFA451,39975.0,4340.0,1332755.8472354643,-4098511.124457186
151,2020-07-06 04:59:20+00:00,7c6db8,-35.73774719238281,148.75791549682617,205.7010622211096,0.0,QFA451,39975.0,4340.0,1330979.903898461,-4099581.445973251
152,2020-07-06 04:59:30+00:00,7c6db8,-35.74864196777344,148.74074935913086,205.7010622211096,0.0,QFA451,39975.0,4340.0,1329297.4792966887,-4100599.4011925026
153,2020-07-06 04:59:40+00:00,7c6db8,-35.760079076734655,148.72262508311172,205.7010622211096,0.0,QFA451,39975.0,4340.0,1327522.3253773854,-4101667.243825772
154,2020-07-06 04:59:50+00:00,7c6db8,-35.77139127052436,148.7046262051197,205.7936757470657,0.0,QFA451,39975.0,4340.0,1325760.3733346637,-4102722.9723447273
155,2020-07-06 05:00:00+00:00,7c6db8,-35.78265303272312,148.68672472365358,205.95077049273945,0.0,QFA451,39987.5,4340.0,1324008.1384391307,-4103774.487357563
156,2020-07-06 05:00:10+00:00,7c6db8,-35.793914794921875,148.6688232421875,206.1078652384132,0.0,QFA451,40000.0,4340.0,1322256.225226667,-4104826.313549482
157,2020-07-06 05:00:20+00:00,7c6db8,-35.805267333984375,148.6508560180664,206.1078652384132,0.0,QFA451,40000.0,4340.0,1320497.5642300642,-4105887.7584702102
158,2020-07-06 05:00:30+00:00,7c6db8,-35.81712341308594,148.63214492797852,206.4228586035028,0.0,QFA451,40000.0,4340.0,1318666.0066296216,-4106997.175624821
159,2020-07-06 05:00:40+00:00,7c6db8,-35.82783508300781,148.61526489257812,206.4228586035028,0.0,QFA451,40000.0,4340.0,1317013.7844669274,-4108000.0609305506
160,2020-07-06 05:00:50+00:00,7c6db8,-35.83935753773835,148.59710044049203,206.4228586035028,0.32512,QFA451,40000.0,4340.0,1315236.2209034127,-4109079.0957438177
161,2020-07-06 05:01:00+00:00,7c6db8,-35.85122835838189,148.5784003075133,206.738652167914,0.32512,QFA451,40000.0,4340.0,1313406.4753519946,-4110191.230878028
162,2020-07-06 05:01:10+00:00,7c6db8,-35.86271667480469,148.56021881103516,206.738652167914,0.0,QFA451,40000.0,4340.0,1311628.499868462,-4111266.9790422753
163,2020-07-06 05:01:20+00:00,7c6db8,-35.873931884765625,148.54253768920898,207.1446951280845,-0.32512,QFA451,40000.0,4340.0,1309899.224821141,-4112318.174401395
164,2020-07-06 05:01:30+00:00,7c6db8,-35.884932178562,148.5243452356217,206.978537621976,-0.32512,QFA451,40000.0,4340.0,1308127.1683096124,-4113340.6719363914
165,2020-07-06 05:01:40+00:00,7c6db8,-35.89549953654665,148.50546978889628,207.48426426697384,-0.32512,QFA451,40000.0,4340.0,1306299.7277072594,-4114308.6826015487
166,2020-07-06 05:01:50+00:00,7c6db8,-35.90606689453125,148.4868621826172,207.35411927922647,0.32512,QFA451,40000.0,4340.0,1304496.614450947,-4115279.8046826636
167,2020-07-06 05:02:00+00:00,7c6db8,-35.91700667041846,148.4674267058677,207.77679243645292,0.32512,QFA451,40000.0,4340.0,1302614.8574309687,-4116283.7082341593
168,2020-07-06 05:02:10+00:00,7c6db8,-35.92748092392748,148.44890188663564,208.0701812783672,0.0,QFA451,40000.0,4340.0,1300820.9858184226,-4117246.087593935
169,2020-07-06 05:02:20+00:00,7c6db8,-35.93824768066406,148.42987060546875,208.0701812783672,0.0,QFA451,40000.0,4340.0,1298978.312968889,-4118235.788099482
170,2020-07-06 05:02:30+00:00,7c6db8,-35.94850158691406,148.41167449951172,208.49267213882604,0.0,QFA451,40000.0,4340.0,1297217.3210511405,-4119177.9241019594
171,2020-07-06 05:02:40+00:00,7c6db8,-35.959182997881385,148.39268461186836,208.49267213882604,0.32512,QFA451,40000.0,4340.0,1295380.0750163603,-4120159.3051086357
172,2020-07-06 05:02:50+00:00,7c6db8,-35.9703369140625,148.3729362487793,208.91557538685743,0.32512,QFA451,40000.0,4340.0,1293469.2080504016,-4121185.296406657
173,2020-07-06 05:03:00+00:00,7c6db8,-35.98092289294226,148.35411558759975,208.91557538685743,0.32512,QFA451,40000.0,4340.0,1291648.9877381641,-4122158.582092091
174,2020-07-06 05:03:10+00:00,7c6db8,-35.9916299076404,148.33512326504322,208.91557538685743,0.32512,QFA451,40000.0,4340.0,1289812.1768273672,-4123143.7779286928
175,2020-07-06 05:03:20+00:00,7c6db8,-36.002197265625,148.31628799438477,209.2086322466444,0.0,QFA451,40000.0,4340.0,1287991.5186383952,-4124115.5234017144
176,2020-07-06 05:03:30+00:00,7c6db8,-36.01327669822564,148.29667111660572,209.63135360771693,0.0,QFA451,40000.0,4340.0,1286094.7179995596,-4125136.0537815853
177,2020-07-06 05:03:40+00:00,7c6db8,-36.023712158203125,148.2781219482422,210.0544841929206,0.0,QFA451,40000.0,4340.0,1284301.9893277953,-4126096.854677416
178,2020-07-06 05:03:50+00:00,7c6db8,-36.034423828125,148.25895309448242,210.47802153422683,0.0,QFA451,40000.0,4340.0,1282450.6026207735,-4127082.105774521
179,2020-07-06 05:04:00+00:00,7c6db8,-36.04530463784431,148.23957727310506,210.77016160147213,0.0,QFA451,40000.0,4340.0,1280578.8866623074,-4128084.2386348746
180,2020-07-06 05:04:10+00:00,7c6db8,-36.055938720703125,148.2205581665039,210.9019631810696,0.0,QFA451,40000.0,4340.0,1278742.5369414203,-4129063.1440088702
181,2020-07-06 05:04:20+00:00,7c6db8,-36.06681177171612,148.20112512466756,211.19351681852712,0.0,QFA451,40000.0,4340.0,1276866.4583168193,-4130064.5311149694
182,2020-07-06 05:04:30+00:00,7c6db8,-36.0772705078125,148.18239212036133,211.19351681852712,0.0,QFA451,40000.0,4340.0,1275058.5625528411,-4131027.680911075
183,2020-07-06 05:04:40+00:00,7c6db8,-36.08848571777344,148.1623649597168,211.9090940802425,0.0,QFA451,40000.0,4340.0,1273125.69037925,-4132061.4721854404
184,2020-07-06 05:04:50+00:00,7c6db8,-36.09897936804822,148.143622215758,211.9090940802425,0.0,QFA451,40000.0,4340.0,1271317.1325298399,-4133029.047678453
185,2020-07-06 05:05:00+00:00,7c6db8,-36.10968017578125,148.12442779541016,212.33267127103267,0.0,QFA451,40000.0,4340.0,1269465.8841334626,-4134015.235055558
186,2020-07-06 05:05:10+00:00,7c6db8,-36.12104512877386,148.10411818484044,212.33267127103267,0.0,QFA451,40000.0,4340.0,1267506.9068668962,-4135063.771631013
187,2020-07-06 05:05:20+00:00,7c6db8,-36.13133239746094,148.0856895446777,212.62475249170123,0.0,QFA451,40000.0,4340.0,1265729.9895271277,-4136012.7583267675
188,2020-07-06 05:05:30+00:00,7c6db8,-36.14222717285156,148.06634902954102,212.62475249170123,0.0,QFA451,40000.0,4340.0,1263864.2511310324,-4137019.904118408
189,2020-07-06 05:05:40+00:00,7c6db8,-36.15367824748415,148.04597245885972,212.62475249170123,0.0,QFA451,40000.0,4340.0,1261899.267921522,-4138078.363704166
190,2020-07-06 05:05:50+00:00,7c6db8,-36.16452491889567,148.02651263297872,212.75664908419205,0.0,QFA451,40000.0,4340.0,1260024.139580102,-4139079.7202990307
191,2020-07-06 05:06:00+00:00,7c6db8,-36.17513882911811,148.00746187250667,212.75664908419205,0.0,QFA451,40000.0,4340.0,1258188.812461778,-4140059.8427319783
192,2020-07-06 05:06:10+00:00,7c6db8,-36.18598937988281,147.98795700073242,213.18102512942824,0.0,QFA451,40000.0,4340.0,1256310.2720562846,-4141061.871131463
193,2020-07-06 05:06:20+00:00,7c6db8,-36.19669251522777,147.9686590965758,213.18102512942824,0.0,QFA451,40000.0,4340.0,1254452.3940791432,-4142050.051725442
194,2020-07-06 05:06:30+00:00,7c6db8,-36.20739952992585,147.94931614652594,213.18102512942824,0.0,QFA451,40000.0,4340.0,1252590.7688760096,-4143038.555678994
195,2020-07-06 05:06:40+00:00,7c6db8,-36.218353271484375,147.92964935302734,213.18102512942824,0.0,QFA451,40000.0,4340.0,1250697.4853668374,-4144051.408873339
196,2020-07-06 05:06:50+00:00,7c6db8,-36.22937218617585,147.9099289914395,213.18102512942824,0.0,QFA451,40000.0,4340.0,1248798.956119277,-4145071.2800788525
197,2020-07-06 05:07:00+00:00,7c6db8,-36.24031196206306,147.89000166223406,213.18102512942824,0.0,QFA451,40000.0,4340.0,1246883.2390369105,-4146080.7241591183
198,2020-07-06 05:07:10+00:00,7c6db8,-36.25103759765625,147.87071228027344,212.75664908419205,0.0,QFA451,40000.0,4340.0,1245027.5171812284,-4147073.2196658896
199,2020-07-06 05:07:20+00:00,7c6db8,-36.26172599145923,147.85143263796544,212.75664908419205,0.0,QFA451,40000.0,4340.0,1243173.4505455191,-4148062.045129267
200,2020-07-06 05:07:30+00:00,7c6db8,-36.27233990168168,147.83238187749336,212.04143583574864,0.0,QFA451,40000.0,4340.0,1241341.0781078322,-4149045.2533576177
201,2020-07-06 05:07:40+00:00,7c6db8,-36.282989501953125,147.81314849853516,212.04143583574864,0.0,QFA451,40000.0,4340.0,1239492.2724889345,-4150030.935874334
202,2020-07-06 05:07:50+00:00,7c6db8,-36.29384703555348,147.7934622257314,212.17618970841025,0.0,QFA451,40000.0,4340.0,1237600.7917603888,-4151035.4535821634
203,2020-07-06 05:08:00+00:00,7c6db8,-36.30478681144069,147.7735933344415,211.88723725578492,0.0,QFA451,40000.0,4340.0,1235692.3347365505,-4152047.6121482593
204,2020-07-06 05:08:10+00:00,7c6db8,-36.31539916992188,147.75432586669922,211.75104967564545,0.0,QFA451,40000.0,4340.0,1233841.9316723784,-4153029.8917258615
205,2020-07-06 05:08:20+00:00,7c6db8,-36.32601463188559,147.73508274808844,212.04143583574864,0.0,QFA451,40000.0,4340.0,1231993.9923559746,-4154013.094697806
206,2020-07-06 05:08:30+00:00,7c6db8,-36.337000960010585,147.7152722947141,212.04143583574864,0.0,QFA451,40000.0,4340.0,1230091.211126775,-4155032.0339567596
207,2020-07-06 05:08:40+00:00,7c6db8,-36.34766142247088,147.69604622049536,212.04143583574864,0.0,QFA451,40000.0,4340.0,1228244.9128087768,-4156021.0654001087
208,2020-07-06 05:08:50+00:00,7c6db8,-36.35797119140625,147.67742156982422,212.04143583574864,-0.32512,QFA451,40000.0,4340.0,1226456.8894430317,-4156977.5826113517
209,2020-07-06 05:09:00+00:00,7c6db8,-36.36935476529396,147.65683437915558,211.75104967564545,0.32512,QFA451,40000.0,4340.0,1224480.9643151343,-4158033.8755784156
210,2020-07-06 05:09:10+00:00,7c6db8,-36.38001522775426,147.63760830493683,211.3263067002173,0.0,QFA451,40000.0,4340.0,1222635.6597176392,-4159023.943958463
211,2020-07-06 05:09:20+00:00,7c6db8,-36.39083862304688,147.61802673339844,211.3263067002173,0.0,QFA451,40000.0,4340.0,1220756.9819035097,-4160028.894578342
212,2020-07-06 05:09:30+00:00,7c6db8,-36.401275634765625,147.59920120239258,211.3263067002173,0.0,QFA451,40000.0,4340.0,1218950.7805499358,-4160998.857205094
213,2020-07-06 05:09:40+00:00,7c6db8,-36.41184997558594,147.57997512817383,211.1728391849104,0.0,QFA451,40000.0,4340.0,1217107.4886669768,-4161980.435794837
214,2020-07-06 05:09:50+00:00,7c6db8,-36.42292785644531,147.55971908569336,211.1728391849104,0.0,QFA451,40000.0,4340.0,1215166.5533121151,-4163008.0144675793
215,2020-07-06 05:10:00+00:00,7c6db8,-36.43345642089844,147.54043579101562,211.1728391849104,0.0,QFA451,40000.0,4340.0,1213319.3666248221,-4163984.6821642993
216,2020-07-06 05:10:10+00:00,7c6db8,-36.44397800251591,147.52143372880653,210.45853111114133,0.0,QFA451,40000.0,4340.0,1211497.6880773602,-4164963.6308533098
217,2020-07-06 05:10:20+00:00,7c6db8,-36.45454536050056,147.5020323408411,210.32141841549944,0.0,QFA451,40000.0,4340.0,1209640.1460898654,-4165944.125826553
218,2020-07-06 05:10:30+00:00,7c6db8,-36.465087890625,147.4827003479004,210.18673455209407,0.0,QFA451,40000.0,4340.0,1207789.419526495,-4166922.8898807024
219,2020-07-06 05:10:40+00:00,7c6db8,-36.475982666015625,147.46301651000977,209.47159067575788,0.0,QFA451,40000.0,4340.0,1205903.4385600083,-4167937.538161328
220,2020-07-06 05:10:50+00:00,7c6db8,-36.486602783203125,147.44379043579102,209.18143259730016,0.32512,QFA451,40000.0,4340.0,1204061.9013937665,-4168926.582245818
221,2020-07-06 05:11:00+00:00,7c6db8,-36.49717712402344,147.42450714111328,208.8921384158429,-0.32512,QFA451,40000.0,4340.0,1202216.1284252927,-4169910.36128012
222,2020-07-06 05:11:10+00:00,7c6db8,-36.50752258300781,147.40562438964844,208.8921384158429,0.0,QFA451,40000.0,4340.0,1200409.1202230193,-4170873.0160749415
223,2020-07-06 05:11:20+00:00,7c6db8,-36.518182269597446,147.38620839220414,208.8921384158429,0.0,QFA451,40000.0,4340.0,1198551.1473550627,-4171865.636770431
224,2020-07-06 05:11:30+00:00,7c6db8,-36.52857971191406,147.36711502075195,208.603711725575,0.32512,QFA451,40000.0,4340.0,1196725.3747293635,-4172832.6948415954
225,2020-07-06 05:11:40+00:00,7c6db8,-36.53889801542641,147.34804843334442,208.3161561297832,0.0,QFA451,40000.0,4340.0,1194903.2407104692,-4173791.595347666
226,2020-07-06 05:11:50+00:00,7c6db8,-36.54955847788665,147.32841329371675,207.88948744594552,0.32512,QFA451,40000.0,4340.0,1193026.6950457874,-4174783.247167307
227,2020-07-06 05:12:00+00:00,7c6db8,-36.55970764160156,147.3098373413086,207.88948744594552,0.0,QFA451,40000.0,4340.0,1191250.935697972,-4175728.778317146
228,2020-07-06 05:12:10+00:00,7c6db8,-36.57060241699219,147.28981018066406,207.88948744594552,0.0,QFA451,40000.0,4340.0,1189337.3414288121,-4176743.3065543063
229,2020-07-06 05:12:20+00:00,7c6db8,-36.58062744140625,147.2713851928711,207.88948744594552,0.0,QFA451,40000.0,4340.0,1187577.121629244,-4177677.199262658
230,2020-07-06 05:12:30+00:00,7c6db8,-36.59159514863615,147.25121680726397,207.88948744594552,0.0,QFA451,40000.0,4340.0,1185650.7553481327,-4178699.162407537
231,2020-07-06 05:12:40+00:00,7c6db8,-36.60177612304688,147.2325325012207,208.603711725575,0.0,QFA451,40000.0,4340.0,1183866.218242206,-4179648.5035506054
232,2020-07-06 05:12:50+00:00,7c6db8,-36.61225891113281,147.21324920654297,208.603711725575,0.0,QFA451,40000.0,4340.0,1182025.07787268,-4180625.8977143103
233,2020-07-06 05:13:00+00:00,7c6db8,-36.62278747558594,147.19396591186523,208.603711725575,0.0,QFA451,40000.0,4340.0,1180183.7279013924,-4181608.6932333945
234,2020-07-06 05:13:10+00:00,7c6db8,-36.63372802734375,147.17388153076172,208.603711725575,0.0,QFA451,40000.0,4340.0,1178266.5240227843,-4182629.8707571146
235,2020-07-06 05:13:20+00:00,7c6db8,-36.643798828125,147.15534210205078,208.603711725575,0.0,QFA451,40000.0,4340.0,1176497.4371182148,-4183569.709091871
236,2020-07-06 05:13:30+00:00,7c6db8,-36.65409851074219,147.13640213012695,208.603711725575,0.0,QFA451,40000.0,4340.0,1174690.306993517,-4184531.427012905
237,2020-07-06 05:13:40+00:00,7c6db8,-36.66481018066406,147.11671829223633,208.603711725575,0.0,QFA451,40000.0,4340.0,1172812.4467650081,-4185532.0899190763
238,2020-07-06 05:13:50+00:00,7c6db8,-36.67547607421875,147.0970344543457,208.603711725575,0.0,QFA451,40000.0,4340.0,1170935.4540441697,-4186528.0449329815
239,2020-07-06 05:14:00+00:00,7c6db8,-36.68586730957031,147.07792282104492,208.3161561297832,0.0,QFA451,40000.0,4340.0,1169112.9381951299,-4187499.301135564
240,2020-07-06 05:14:10+00:00,7c6db8,-36.69615147477492,147.05895606507647,208.3161561297832,0.0,QFA451,40000.0,4340.0,1167304.8793395713,-4188460.395056229
241,2020-07-06 05:14:20+00:00,7c6db8,-36.70669555664063,147.03947067260742,208.3161561297832,0.0,QFA451,40000.0,4340.0,1165447.9510646893,-4189445.7560900757
242,2020-07-06 05:14:30+00:00,7c6db8,-36.71726989746094,147.0200157165527,208.3161561297832,0.0,QFA451,40000.0,4340.0,1163593.7146171709,-4190435.09251234
243,2020-07-06 05:14:40+00:00,7c6db8,-36.72761535644531,147.00090408325195,207.88948744594552,0.0,QFA451,39975.0,4340.0,1161773.0069008362,-4191402.630526332
244,2020-07-06 05:14:50+00:00,7c6db8,-36.73773193359375,146.98219299316406,207.6022173648384,0.32512,QFA451,39975.0,4340.0,1159990.9033501982,-4192348.8795925137
245,2020-07-06 05:15:00+00:00,7c6db8,-36.74876403808594,146.96182250976562,207.6022173648384,-0.32512,QFA451,39975.0,4340.0,1158050.889241918,-4193381.43869109
246,2020-07-06 05:15:10+00:00,7c6db8,-36.75885733911548,146.9431321164395,207.6022173648384,0.0,QFA451,39975.0,4340.0,1156271.5289756584,-4194325.97028867
247,2020-07-06 05:15:20+00:00,7c6db8,-36.76914538367322,146.92408135596742,207.6022173648384,-5.52704,QFA451,39875.0,4340.0,1154458.1711229663,-4195289.056104411
248,2020-07-06 05:15:30+00:00,7c6db8,-36.77952575683594,146.9047737121582,206.03466143689124,-9.42848,QFA451,39575.0,4340.0,1152621.2117084858,-4196260.332368883
249,2020-07-06 05:15:40+00:00,7c6db8,-36.79019165039063,146.8850326538086,206.03466143689124,-9.10336,QFA451,39275.0,4340.0,1150742.7514162469,-4197259.572044522
250,2020-07-06 05:15:50+00:00,7c6db8,-36.80039978027344,146.8662071228027,204.8940748465278,-11.05408,QFA451,38925.0,4340.0,1148951.3037594154,-4198216.882823793
251,2020-07-06 05:16:00+00:00,7c6db8,-36.81056213378906,146.84738159179688,204.3197747956418,-11.70432,QFA451,38525.0,4340.0,1147160.6845378352,-4199169.451429475
252,2020-07-06 05:16:10+00:00,7c6db8,-36.821044921875,146.82781219482422,204.1778916698892,-11.70432,QFA451,38125.0,4340.0,1145300.5566730853,-4200151.024901328
253,2020-07-06 05:16:20+00:00,7c6db8,-36.8308736510196,146.80936772772608,204.1778916698892,-12.67968,QFA451,37700.0,4340.0,1143548.2407943406,-4201070.796370293
254,2020-07-06 05:16:30+00:00,7c6db8,-36.84095764160156,146.7905616760254,203.8925312264801,-13.65504,QFA451,37275.0,4340.0,1141761.164902588,-4202015.842851109
255,2020-07-06 05:16:40+00:00,7c6db8,-36.8510307699947,146.77179087763247,204.3197747956418,-13.65504,QFA451,36825.0,4340.0,1139977.6520753214,-4202960.328336697
256,2020-07-06 05:16:50+00:00,7c6db8,-36.861602783203125,146.75221544630986,204.17983594039936,-14.305280000000002,QFA451,36350.0,4340.0,1138117.2543732654,-4203953.067382396
257,2020-07-06 05:17:00+00:00,7c6db8,-36.87165341134801,146.73363727072012,204.3197747956418,-14.305280000000002,QFA451,35900.0,4340.0,1136351.7474742795,-4204897.458681622
258,2020-07-06 05:17:10+00:00,7c6db8,-36.88197326660156,146.7144061149435,204.74741942305565,-16.256,QFA451,35400.0,4340.0,1134525.4477577198,-4205866.072579876
259,2020-07-06 05:17:20+00:00,7c6db8,-36.89254760742188,146.69471253740028,205.8888184593824,-15.280640000000002,QFA451,34875.0,4340.0,1132655.4934218319,-4206859.027456347
260,2020-07-06 05:17:30+00:00,7c6db8,-36.90247099278338,146.6760784646739,206.4619586374666,-16.90624,QFA451,34350.0,4340.0,1130887.3695885136,-4207789.801476894
261,2020-07-06 05:17:40+00:00,7c6db8,-36.91285214181676,146.65661355723506,205.17546260095972,-16.581120000000002,QFA451,33800.0,4340.0,1129040.5568291405,-4208764.107039525
262,2020-07-06 05:17:50+00:00,7c6db8,-36.92281432070973,146.63786514945653,205.17546260095972,-14.305280000000002,QFA451,33300.0,4340.0,1127262.443744769,-4209698.794241986
263,2020-07-06 05:18:00+00:00,7c6db8,-36.933380126953125,146.61810043010306,205.17546260095972,-13.0048,QFA451,32925.0,4340.0,1125387.5586679955,-4210691.535551351
264,2020-07-06 05:18:10+00:00,7c6db8,-36.94376282772777,146.59863679305366,204.46220665676017,-13.0048,QFA451,32475.0,4340.0,1123541.8094453146,-4211667.047423275
265,2020-07-06 05:18:20+00:00,7c6db8,-36.953445693193885,146.58036605171534,203.03599872281035,-13.32992,QFA451,32050.0,4340.0,1121810.18542268,-4212576.052866443
266,2020-07-06 05:18:30+00:00,7c6db8,-36.96345442432471,146.5616176439368,202.60735425948064,-14.305280000000002,QFA451,31600.0,4340.0,1120032.7783956183,-4213517.1900910055
267,2020-07-06 05:18:40+00:00,7c6db8,-36.97393798828125,146.5420142640459,202.1791100186728,-14.955520000000002,QFA451,31075.0,4340.0,1118174.4362591098,-4214503.625184273
268,2020-07-06 05:18:50+00:00,7c6db8,-36.98379775225106,146.5235237453295,202.1791100186728,-14.955520000000002,QFA451,30600.0,4340.0,1116422.2107206897,-4215431.206749552
269,2020-07-06 05:19:00+00:00,7c6db8,-36.99352716995497,146.50525300399116,202.1791100186728,-14.955520000000002,QFA451,30125.0,4340.0,1114691.245862378,-4216346.610548398
270,2020-07-06 05:19:10+00:00,7c6db8,-37.00414108017748,146.48542984672216,202.1791100186728,-14.630400000000002,QFA451,29625.0,4340.0,1112812.8910946755,-4217346.538951685
271,2020-07-06 05:19:20+00:00,7c6db8,-37.0141498113083,146.46668143894362,203.320608833196,-14.955520000000002,QFA451,29125.0,4340.0,1111037.0145195685,-4218289.289643123
272,2020-07-06 05:19:30+00:00,7c6db8,-37.02387922901221,146.44835098930028,203.74905167608043,-14.305280000000002,QFA451,28650.0,4340.0,1109301.6384529006,-4219205.107259541
273,2020-07-06 05:19:40+00:00,7c6db8,-37.03422546386719,146.4288784595246,203.74905167608043,-14.305280000000002,QFA451,28200.0,4340.0,1107458.3375767502,-4220179.494867292
274,2020-07-06 05:19:50+00:00,7c6db8,-37.04457092285156,146.4094186336436,203.74905167608043,-14.305280000000002,QFA451,27725.0,4340.0,1105616.4980405956,-4221154.251288397
275,2020-07-06 05:20:00+00:00,7c6db8,-37.05483646716101,146.39025480850884,203.320608833196,-13.98016,QFA451,27275.0,4340.0,1103802.1428617134,-4222123.09626986
276,2020-07-06 05:20:10+00:00,7c6db8,-37.065032958984375,146.37108336103725,202.60735425948064,-13.65504,QFA451,26800.0,4340.0,1101988.1838000852,-4223084.556689845
277,2020-07-06 05:20:20+00:00,7c6db8,-37.07476082494702,146.35275799295178,201.1811518980512,-12.02944,QFA451,26425.0,4340.0,1100254.7770878733,-4224001.832079263
278,2020-07-06 05:20:30+00:00,7c6db8,-37.08517456054688,146.33309871592422,199.4723026574164,-11.70432,QFA451,26000.0,4340.0,1098395.7572682817,-4224983.751087127
279,2020-07-06 05:20:40+00:00,7c6db8,-37.09445242154396,146.31544030230978,196.9050790823437,-10.72896,QFA451,25700.0,4340.0,1096727.0523882632,-4225857.609653193
280,2020-07-06 05:20:50+00:00,7c6db8,-37.10404218253444,146.29728897758153,194.9036798736597,-10.72896,QFA451,25375.0,4340.0,1095011.467394186,-4226762.018117589
281,2020-07-06 05:21:00+00:00,7c6db8,-37.113555908203125,146.2793358336104,193.048838198196,-10.72896,QFA451,25025.0,4340.0,1093314.5783471123,-4227660.021533493
282,2020-07-06 05:21:10+00:00,7c6db8,-37.12340791346662,146.26068778659987,190.4811841013652,-11.05408,QFA451,24650.0,4340.0,1091552.6255171495,-4228589.770943404
283,2020-07-06 05:21:20+00:00,7c6db8,-37.1329976744571,146.24259617017665,188.19722820658583,-10.72896,QFA451,24300.0,4340.0,1089843.186472726,-4229495.594009819
284,2020-07-06 05:21:30+00:00,7c6db8,-37.14212191306939,146.2254001783288,187.0554038194849,-11.3792,QFA451,23950.0,4340.0,1088218.5330163233,-4230357.870075077
285,2020-07-06 05:21:40+00:00,7c6db8,-37.151106494968246,146.20850272800612,185.9136843209524,-11.3792,QFA451,23575.0,4340.0,1086622.1295822405,-4231207.514586467
286,2020-07-06 05:21:50+00:00,7c6db8,-37.16027728581832,146.19112761124322,184.4875371672441,-11.70432,QFA451,23200.0,4340.0,1084981.584890806,-4232073.934025074
287,2020-07-06 05:22:00+00:00,7c6db8,-37.16968083785753,146.17339424465013,183.49143707182063,-12.35456,QFA451,22800.0,4340.0,1083307.0093909316,-4232963.339679757
288,2020-07-06 05:22:10+00:00,7c6db8,-37.1789447331833,146.15584000297216,182.7789921909896,-12.02944,QFA451,22400.0,4340.0,1081650.0946136108,-4233839.088901008
289,2020-07-06 05:22:20+00:00,7c6db8,-37.18803405761719,146.13855889502992,182.066666648627,-12.35456,QFA451,22000.0,4340.0,1080019.5438877838,-4234698.109705467
290,2020-07-06 05:22:30+00:00,7c6db8,-37.19664001464844,146.12219627867356,181.2070114597164,-12.67968,QFA451,21600.0,4340.0,1078475.8937046977,-4235511.691442628
291,2020-07-06 05:22:40+00:00,7c6db8,-37.2056191654529,146.1052073603091,180.4943471175298,-12.67968,QFA451,21200.0,4340.0,1076872.9297400706,-4236361.524143428
292,2020-07-06 05:22:50+00:00,7c6db8,-37.214417538400426,146.08842932659647,179.49967781074795,-11.70432,QFA451,20825.0,4340.0,1075290.847047069,-4237193.377298985
293,2020-07-06 05:23:00+00:00,7c6db8,-37.22349522477492,146.07105420983356,178.35707449424933,-12.02944,QFA451,20425.0,4340.0,1073653.0749023592,-4238051.353186009
294,2020-07-06 05:23:10+00:00,7c6db8,-37.232208251953125,146.05452517245678,177.21457117410927,-11.05408,QFA451,20075.0,4340.0,1072094.4648222188,-4238876.38181211
295,2020-07-06 05:23:20+00:00,7c6db8,-37.24081265724311,146.03809522545856,176.07216979690753,-11.3792,QFA451,19700.0,4340.0,1070546.030047424,-4239690.455338572
296,2020-07-06 05:23:30+00:00,7c6db8,-37.2491455078125,146.0222674430685,174.9298723598974,-11.05408,QFA451,19375.0,4340.0,1069054.0960567514,-4240479.779389906
297,2020-07-06 05:23:40+00:00,7c6db8,-37.25802612304688,146.00537888547208,173.5049622102805,-10.72896,QFA451,19025.0,4340.0,1067462.5218291683,-4241321.065637828
298,2020-07-06 05:23:50+00:00,7c6db8,-37.26697501489673,145.98823879076087,172.7926956246592,-10.72896,QFA451,18625.0,4340.0,1065848.169855147,-4242168.047359819
299,2020-07-06 05:24:00+00:00,7c6db8,-37.27512165651484,145.9727146314538,171.65015934076752,-10.72896,QFA451,18300.0,4340.0,1064385.7907739778,-4242940.000258725
300,2020-07-06 05:24:10+00:00,7c6db8,-37.28354761155987,145.95671280570653,169.6487806201709,-11.05408,QFA451,17975.0,4340.0,1062878.326295287,-4243739.109702816
301,2020-07-06 05:24:20+00:00,7c6db8,-37.29169425317798,145.9413080630095,168.223188,-11.05408,QFA451,17625.0,4340.0,1061426.9456813377,-4244512.5112058
302,2020-07-06 05:24:30+00:00,7c6db8,-37.29993399927173,145.92554507048234,167.2283289862781,-11.05408,QFA451,17275.0,4340.0,1059943.0396026687,-4245293.432382248
303,2020-07-06 05:24:40+00:00,7c6db8,-37.30792236328125,145.91024195894283,167.2283289862781,-12.02944,QFA451,16900.0,4340.0,1058502.742987187,-4246050.564656648
304,2020-07-06 05:24:50+00:00,7c6db8,-37.31657409667969,145.89376246675533,167.08108398775593,-11.70432,QFA451,16500.0,4340.0,1056951.4300707,-4246871.601734733
305,2020-07-06 05:25:00+00:00,7c6db8,-37.32467651367188,145.87827641913233,167.08108398775593,-10.40384,QFA451,16125.0,4340.0,1055494.1383074548,-4247640.286694103
306,2020-07-06 05:25:10+00:00,7c6db8,-37.33314514160156,145.86214755443817,167.08108398775593,-10.40384,QFA451,15725.0,4340.0,1053976.2572481828,-4248444.423556967
307,2020-07-06 05:25:20+00:00,7c6db8,-37.3414306640625,145.84642775515294,167.5105817676734,-8.77824,QFA451,15425.0,4340.0,1052496.7537309513,-4249231.905175494
308,2020-07-06 05:25:30+00:00,7c6db8,-37.349212646484375,145.83175983834775,167.08108398775593,-8.128,QFA451,15175.0,4340.0,1051115.9076764397,-4249972.538659116
309,2020-07-06 05:25:40+00:00,7c6db8,-37.35817084878181,145.81466674804688,167.08108398775593,-7.477760000000001,QFA451,14900.0,4340.0,1049508.143308912,-4250823.618015865
310,2020-07-06 05:25:50+00:00,7c6db8,-37.36645714711335,145.79890375551972,167.08108398775593,-7.152640000000001,QFA451,14675.0,4340.0,1048025.4438111306,-4251611.496897554
311,2020-07-06 05:26:00+00:00,7c6db8,-37.37455723649367,145.7834990128227,166.3683580659478,-6.827520000000001,QFA451,14450.0,4340.0,1046576.6244606302,-4252381.919957201
312,2020-07-06 05:26:10+00:00,7c6db8,-37.38289008706306,145.76755689538044,165.3735430382588,-7.152640000000001,QFA451,14250.0,4340.0,1045077.9968381407,-4253173.916521202
313,2020-07-06 05:26:20+00:00,7c6db8,-37.39054870605469,145.7529270902593,164.9432941200727,-7.152640000000001,QFA451,14025.0,4340.0,1043702.7997894115,-4253902.217671005
314,2020-07-06 05:26:30+00:00,7c6db8,-37.39899716134801,145.7367474099864,164.23095946186973,-7.152640000000001,QFA451,13800.0,4340.0,1042182.3500930574,-4254705.51070897
315,2020-07-06 05:26:40+00:00,7c6db8,-37.40723690744176,145.72104412576428,162.3761625906771,-9.7536,QFA451,13475.0,4340.0,1040706.4647933688,-4255489.820471846
316,2020-07-06 05:26:50+00:00,7c6db8,-37.41517639160156,145.70594300615028,161.94612141733845,-9.7536,QFA451,13150.0,4340.0,1039287.2095046069,-4256246.006347502
317,2020-07-06 05:27:00+00:00,7c6db8,-37.42332458496094,145.69039852061172,161.51657379917063,-10.07872,QFA451,12800.0,4340.0,1037826.7408657705,-4257021.900289654
318,2020-07-06 05:27:10+00:00,7c6db8,-37.431060791015625,145.67549685214428,161.37887708782733,-10.07872,QFA451,12500.0,4340.0,1036427.636388144,-4257757.583768984
319,2020-07-06 05:27:20+00:00,7c6db8,-37.43861389160156,145.66036143201464,161.37887708782733,-10.07872,QFA451,12150.0,4340.0,1035009.921139374,-4258471.216144144
320,2020-07-06 05:27:30+00:00,7c6db8,-37.44466490664723,145.64360245414403,161.84967479695868,-11.05408,QFA451,11775.0,4340.0,1033464.194320563,-4259004.962622815
321,2020-07-06 05:27:40+00:00,7c6db8,-37.44850158691406,145.6256493101729,163.2417631236071,-10.07872,QFA451,11400.0,4340.0,1031835.7475978822,-4259283.327958276
322,2020-07-06 05:27:50+00:00,7c6db8,-37.44854736328125,145.6071206797724,163.0917302971358,-10.07872,QFA451,11075.0,4340.0,1030195.4489584983,-4259136.3992701
323,2020-07-06 05:28:00+00:00,7c6db8,-37.44854736328125,145.58883342337103,163.0917302971358,-10.07872,QFA451,10750.0,4340.0,1028576.9619464934,-4258986.606462333
324,2020-07-06 05:28:10+00:00,7c6db8,-37.44854736328125,145.57048391788564,162.57162977797398,-10.40384,QFA451,10425.0,4340.0,1026952.943778403,-4258836.540488148
325,2020-07-06 05:28:20+00:00,7c6db8,-37.44854736328125,145.55242787236753,161.03412019162573,-10.07872,QFA451,10100.0,4340.0,1025354.8768358402,-4258689.1059585195
326,2020-07-06 05:28:30+00:00,7c6db8,-37.44854736328125,145.5344861619016,160.00531673894224,-10.40384,QFA451,9775.0,4340.0,1023766.908256525,-4258542.8324488085
327,2020-07-06 05:28:40+00:00,7c6db8,-37.44854736328125,145.51613665641622,159.49838236075624,-10.72896,QFA451,9425.0,4340.0,1022142.8253433962,-4258393.4688047115
328,2020-07-06 05:28:50+00:00,7c6db8,-37.44854736328125,145.49819621633978,158.46962903372338,-10.72896,QFA451,9075.0,4340.0,1020554.9270317766,-4258247.664189661
329,2020-07-06 05:29:00+00:00,7c6db8,-37.44854736328125,145.48066484167222,157.96446796063907,-10.07872,QFA451,8750.0,4340.0,1019003.2147778512,-4258105.403100591
330,2020-07-06 05:29:10+00:00,7c6db8,-37.44854736328125,145.46289971534242,156.92650235414283,-3.90144,QFA451,8550.0,4340.0,1017430.7927983769,-4257961.466013765
331,2020-07-06 05:29:20+00:00,7c6db8,-37.44831848144531,145.4446086477726,155.89011408813968,-0.32512,QFA451,8525.0,4340.0,1015814.118111533,-4257788.089333447
332,2020-07-06 05:29:30+00:00,7c6db8,-37.44813537597656,145.4278954039229,155.89011408813968,0.0,QFA451,8525.0,4340.0,1014336.6121565354,-4257632.764101718
333,2020-07-06 05:29:40+00:00,7c6db8,-37.44795227050781,145.41007183967753,155.3697533671917,0.0,QFA451,8525.0,4340.0,1012760.8015292339,-4257468.686838318
334,2020-07-06 05:29:50+00:00,7c6db8,-37.44778390658104,145.3919319484545,155.3697533671917,0.0,QFA451,8525.0,4340.0,1011156.8155094837,-4257303.9242725875
335,2020-07-06 05:30:00+00:00,7c6db8,-37.4476318359375,145.37506752825797,152.28932725718488,-4.55168,QFA451,8450.0,4340.0,1009665.5420006036,-4257151.448766286
336,2020-07-06 05:30:10+00:00,7c6db8,-37.44741148867848,145.35795792289403,149.21093266267724,-5.8521600000000005,QFA451,8275.0,4340.0,1008153.2289838527,-4256989.625709487
337,2020-07-06 05:30:20+00:00,7c6db8,-37.447265625,145.3411150993185,146.63097982226597,-5.8521600000000005,QFA451,8075.0,4340.0,1006663.7581569717,-4256838.4150234
338,2020-07-06 05:30:30+00:00,7c6db8,-37.44712829589844,145.3250446725399,144.05258761273478,-5.8521600000000005,QFA451,7900.0,4340.0,1005242.5537080674,-4256694.529544825
339,2020-07-06 05:30:40+00:00,7c6db8,-37.44694519042969,145.30850674243683,143.03023537774382,-5.52704,QFA451,7725.0,4340.0,1003780.4024665456,-4256542.008865869
340,2020-07-06 05:30:50+00:00,7c6db8,-37.44671320511122,145.29263703719428,142.02009073265947,-5.52704,QFA451,7550.0,4340.0,1002377.8719502919,-4256389.582880855
341,2020-07-06 05:31:00+00:00,7c6db8,-37.44813537597656,145.2768918301197,140.46676515320394,-5.20192,QFA451,7375.0,4340.0,1000969.814891525,-4256421.99191817
342,2020-07-06 05:31:10+00:00,7c6db8,-37.44813537597656,145.26129017705503,138.91512194891015,-5.52704,QFA451,7200.0,4340.0,999588.6779002614,-4256297.810693788
343,2020-07-06 05:31:20+00:00,7c6db8,-37.44813537597656,145.24498980978262,136.87691157312,-5.20192,QFA451,7025.0,4340.0,998145.6707484156,-4256168.251214426
344,2020-07-06 05:31:30+00:00,7c6db8,-37.44813537597656,145.2299661839262,136.87691157312,-5.20192,QFA451,6850.0,4340.0,996815.6736011597,-4256049.005353945
345,2020-07-06 05:31:40+00:00,7c6db8,-37.44813537597656,145.21401263297872,136.87691157312,-5.52704,QFA451,6675.0,4340.0,995403.3373413925,-4255922.552536225
346,2020-07-06 05:31:50+00:00,7c6db8,-37.44813537597656,145.1987755816916,135.87555853989105,-5.52704,QFA451,6525.0,4340.0,994054.4163998808,-4255801.946312929
347,2020-07-06 05:32:00+00:00,7c6db8,-37.44813537597656,145.18354996390966,135.333976514979,-5.52704,QFA451,6350.0,4340.0,992706.4930585846,-4255681.593956748
348,2020-07-06 05:32:10+00:00,7c6db8,-37.44813537597656,145.16843105884308,135.15394598603422,-5.20192,QFA451,6175.0,4340.0,991368.0025712373,-4255562.246716242
349,2020-07-06 05:32:20+00:00,7c6db8,-37.44813537597656,145.15358782829122,133.78017059834391,-5.20192,QFA451,6000.0,4340.0,990053.9038422309,-4255445.232275663
350,2020-07-06 05:32:30+00:00,7c6db8,-37.45220947265625,145.1396796043883,130.11670911565582,-5.52704,QFA451,5825.0,4340.0,988782.3628706557,-4255788.139088683
351,2020-07-06 05:32:40+00:00,7c6db8,-37.45686159295553,145.12581203294835,129.36297653562508,-5.52704,QFA451,5600.0,4340.0,987508.8105826412,-4256195.705858047
352,2020-07-06 05:32:50+00:00,7c6db8,-37.46114439883473,145.11279562245244,126.19931028395602,-2.92608,QFA451,5500.0,4340.0,986314.3430854089,-4256569.093556733
353,2020-07-06 05:33:00+00:00,7c6db8,-37.46543884277344,145.09970807014628,122.47765376613653,-2.92608,QFA451,5425.0,4340.0,985113.5509436256,-4256943.351262149
354,2020-07-06 05:33:10+00:00,7c6db8,-37.46955871582031,145.0871439183012,119.70748204351244,-2.92608,QFA451,5325.0,4340.0,983960.8917322238,-4257302.4562042635
355,2020-07-06 05:33:20+00:00,7c6db8,-37.4735738463321,145.07494055706522,116.93731951275429,-2.92608,QFA451,5250.0,4340.0,982841.2766548749,-4257652.875980081
356,2020-07-06 05:33:30+00:00,7c6db8,-37.47762389102223,145.06299889605978,113.4171108746616,-2.92608,QFA451,5175.0,4340.0,981744.5597182782,-4258009.336600055
357,2020-07-06 05:33:40+00:00,7c6db8,-37.48167393571242,145.0511766516644,110.7883551374846,-2.60096,QFA451,5075.0,4340.0,980658.4882904158,-4258366.843442909
358,2020-07-06 05:33:50+00:00,7c6db8,-37.48539733886719,145.04021827210772,107.95482007132844,-2.60096,QFA451,5000.0,4340.0,979652.1449841346,-4258694.9173702095
359,2020-07-06 05:34:00+00:00,7c6db8,-37.48896789550781,145.02905663023606,105.3756630378151,-2.60096,QFA451,4925.0,4340.0,978629.3700921353,-4259004.528244555
360,2020-07-06 05:34:10+00:00,7c6db8,-37.49247405488615,145.01779970915422,102.79229649275668,-2.60096,QFA451,4850.0,4340.0,977598.8538307108,-4259306.344158482
361,2020-07-06 05:34:20+00:00,7c6db8,-37.49573271153338,145.0074104640795,100.21099746318026,-2.92608,QFA451,4750.0,4340.0,976647.6017564198,-4259587.512076624
362,2020-07-06 05:34:30+00:00,7c6db8,-37.49903792041846,144.99702121900475,98.1092050812579,-4.55168,QFA451,4625.0,4340.0,975695.948851039,-4259873.936220772
363,2020-07-06 05:34:40+00:00,7c6db8,-37.50238968154133,144.9867513905401,96.00826224954676,-5.8521600000000005,QFA451,4475.0,4340.0,974754.4641326752,-4260166.543114426
364,2020-07-06 05:34:50+00:00,7c6db8,-37.5054931640625,144.97698844747342,95.62710020980565,-5.8521600000000005,QFA451,4300.0,4340.0,973860.3039354394,-4260435.583197241
365,2020-07-06 05:35:00+00:00,7c6db8,-37.50876733812237,144.96692823327106,95.25135921361095,-5.8521600000000005,QFA451,4125.0,4340.0,972938.2265762911,-4260721.35805593
366,2020-07-06 05:35:10+00:00,7c6db8,-37.51203918457031,144.95688580452128,94.86157649903502,-5.8521600000000005,QFA451,3950.0,4340.0,972017.7972457672,-4261007.092470331
367,2020-07-06 05:35:20+00:00,7c6db8,-37.51510620117188,144.94689292096078,94.11091799927028,-4.8768,QFA451,3775.0,4340.0,971103.7905144534,-4261270.536343473
368,2020-07-06 05:35:30+00:00,7c6db8,-37.5179443359375,144.93719222697806,92.91519474792838,-4.8768,QFA451,3625.0,4340.0,970217.9039929113,-4261510.888764419
369,2020-07-06 05:35:40+00:00,7c6db8,-37.52082824707031,144.92719934341756,91.94742105001924,-4.8768,QFA451,3450.0,4340.0,969305.763241679,-4261754.146415965
370,2020-07-06 05:35:50+00:00,7c6db8,-37.52366405422407,144.91743004840353,90.49828871996785,-4.8768,QFA451,3300.0,4340.0,968413.9155955851,-4261993.861079087
371,2020-07-06 05:36:00+00:00,7c6db8,-37.52636408401747,144.90829467773438,89.3549392501835,-4.8768,QFA451,3150.0,4340.0,967579.5119266749,-4262223.447048063
372,2020-07-06 05:36:10+00:00,7c6db8,-37.52911066604872,144.8988607655401,88.69497957081674,-4.55168,QFA451,3000.0,4340.0,966718.2829307556,-4262455.973593716
373,2020-07-06 05:36:20+00:00,7c6db8,-37.531764143604335,144.88984481148097,87.24642639793123,-4.55168,QFA451,2850.0,4340.0,965894.971307275,-4262681.438460288
374,2020-07-06 05:36:30+00:00,7c6db8,-37.53469693458686,144.88005264945653,85.80117822428845,-4.22656,QFA451,2700.0,4340.0,965000.3300660863,-4262932.037724462
375,2020-07-06 05:36:40+00:00,7c6db8,-37.537353515625,144.8710989444814,85.62054558963754,-4.22656,QFA451,2550.0,4340.0,964182.5735504107,-4263158.457869213
376,2020-07-06 05:36:50+00:00,7c6db8,-37.54032897949219,144.86215794340094,85.15563421363498,-4.8768,QFA451,2400.0,4340.0,963362.908013586,-4263420.466774843
377,2020-07-06 05:37:00+00:00,7c6db8,-37.54408264160156,144.85415194896942,83.1841790329739,-5.20192,QFA451,2275.0,4340.0,962618.5151285478,-4263776.162172757
378,2020-07-06 05:37:10+00:00,7c6db8,-37.54880226264567,144.8466159986413,81.30331308089401,-5.20192,QFA451,2125.0,4340.0,961906.466428755,-4264242.834783593
379,2020-07-06 05:37:20+00:00,7c6db8,-37.55332946777344,144.84112029379986,78.6947998395218,-4.22656,QFA451,2000.0,4340.0,961376.8024104944,-4264703.788703573
380,2020-07-06 05:37:30+00:00,7c6db8,-37.562530517578125,144.82440704995014,74.21735087031583,-4.8768,QFA451,1875.0,4340.0,959810.0871296955,-4265598.3776458595
381,2020-07-06 05:37:40+00:00,7c6db8,-37.56476968021718,144.83133067255434,70.66071398789978,-4.8768,QFA451,1750.0,4340.0,960400.9937719839,-4265900.0748582035
382,2020-07-06 05:37:50+00:00,7c6db8,-37.5705421577066,144.8281661323879,67.25851165333387,-4.8768,QFA451,1625.0,4340.0,960065.6897989754,-4266517.305623389
383,2020-07-06 05:38:00+00:00,7c6db8,-37.576171875,144.82598487367022,66.14557630617752,-4.55168,QFA451,1500.0,4340.0,959818.7470302711,-4267126.205476663
384,2020-07-06 05:38:10+00:00,7c6db8,-37.58207702636719,144.8244654878657,66.43502010311333,-3.90144,QFA451,1375.0,4340.0,959627.7142317179,-4267770.78356592
385,2020-07-06 05:38:20+00:00,7c6db8,-37.58767338122351,144.82368800951087,66.43502010311333,-3.90144,QFA451,1275.0,4340.0,959505.2649179517,-4268386.72806641
386,2020-07-06 05:38:30+00:00,7c6db8,-37.59372517213984,144.8237477178159,66.43502010311333,-3.5763200000000004,QFA451,1150.0,4340.0,959452.4801489989,-4269059.688148373
387,2020-07-06 05:38:40+00:00,7c6db8,-37.59372517213984,144.82458363408628,66.93705260371478,-3.5763200000000004,QFA451,1050.0,4340.0,959526.3951764964,-4269066.070298843
388,2020-07-06 05:38:50+00:00,7c6db8,-37.59372517213984,144.82559867527175,67.23686645658877,-3.5763200000000004,QFA451,950.0,4340.0,959616.1490813864,-4269073.820713959
389,2020-07-06 05:39:00+00:00,7c6db8,-37.59372517213984,144.8270316745924,67.32143992781201,-3.5763200000000004,QFA451,825.0,4340.0,959742.8603699453,-4269084.763710626
390,2020-07-06 05:39:10+00:00,7c6db8,-37.59372517213984,144.82810642408288,67.66454377332933,-3.2512000000000003,QFA451,725.0,4340.0,959837.8937544725,-4269092.971906315
391,2020-07-06 05:39:20+00:00,7c6db8,-37.59372517213984,144.8285840905231,68.09730807984256,-3.2512000000000003,QFA451,675.0,4340.0,959880.130791728,-4269096.620254165
392,2020-07-06 05:39:30+00:00,7c6db8,-37.59372517213984,144.82949114860372,68.09730807984256,-3.2512000000000003,QFA451,575.0,4340.0,959960.3361913295,-4269103.548675735
393,2020-07-06 05:39:40+00:00,7c6db8,-37.59372517213984,144.8316292140795,68.09730807984256,-3.5763200000000004,QFA451,350.0,4340.0,960149.3915782261,-4269119.882245639
394,2020-07-06 05:39:50+00:00,7c6db8,-37.59372517213984,144.832763671875,68.09730807984256,-3.5763200000000004,QFA451,250.0,4340.0,960249.7042761307,-4269128.550145861
