,timestamp,icao24,latitude,longitude,groundspeed,vertical_rate,callsign,altitude,squawk,x,y
0,2022-01-10 12:03:40+00:00,c8196a,-33.95452880859375,151.17977842992667,99.58711073348027,15.280640000000002,TFR22,225.0,7215.0,1575014.962015442,-3931930.6970856213
1,2022-01-10 12:03:50+00:00,c8196a,-33.96336364746094,151.17977842992667,99.58711073348027,8.45312,TFR22,775.0,7215.0,1574882.089199888,-3932896.608481612
2,2022-01-10 12:04:00+00:00,c8196a,-33.972147278866544,151.17925643920898,99.58711073348027,8.45312,TFR22,1125.0,7215.0,1574702.435013667,-3933850.40014236
3,2022-01-10 12:04:10+00:00,c8196a,-33.98201635328394,151.17839813232422,110.29396220209082,5.52704,TFR22,1350.0,7215.0,1574475.8289231386,-3934918.676687368
4,2022-01-10 12:04:20+00:00,c8196a,-33.9920654296875,151.17764842753508,120.59515444776989,5.52704,TFR22,1525.0,7215.0,1574256.4179224018,-3936008.0220828517
5,2022-01-10 12:04:30+00:00,c8196a,-34.00384935282045,151.17691040039062,125.2478340707226,17.231360000000002,TFR22,1850.0,7215.0,1574011.9900640422,-3937287.232086665
6,2022-01-10 12:04:40+00:00,c8196a,-34.014649471994176,151.17691040039062,125.2478340707226,20.15744,TFR22,2475.0,7215.0,1573849.5681147643,-3938468.148856146
7,2022-01-10 12:04:50+00:00,c8196a,-34.02580261230469,151.17899369220345,124.3986864218,20.15744,TFR22,3075.0,7215.0,1573871.505674518,-3939713.7862001695
8,2022-01-10 12:05:00+00:00,c8196a,-34.036651611328125,151.1817402742347,124.3986864218,15.60576,TFR22,3700.0,7215.0,1573958.3559709522,-3940934.5023645572
9,2022-01-10 12:05:10+00:00,c8196a,-34.0482136354608,151.18423461914062,132.36015295743576,7.80288,TFR22,4000.0,7215.0,1574011.4609398544,-3942230.058361648
10,2022-01-10 12:05:20+00:00,c8196a,-34.06087584414723,151.1868667602539,142.05549257814707,7.80288,TFR22,4275.0,7215.0,1574060.4947403318,-3943647.6826193966
11,2022-01-10 12:05:30+00:00,c8196a,-34.07350158691406,151.19026028380102,149.6121320851508,7.477760000000001,TFR22,4525.0,7215.0,1574179.3004660802,-3945070.8942247615
12,2022-01-10 12:05:40+00:00,c8196a,-34.08717785851434,151.1945343017578,158.23564892250994,7.80288,TFR22,4775.0,7215.0,1574362.3238431937,-3946620.0617552837
13,2022-01-10 12:05:50+00:00,c8196a,-34.10060119628906,151.19911660953443,164.78918948276518,13.32992,TFR22,5075.0,7215.0,1574577.0939841946,-3948145.4775281907
14,2022-01-10 12:06:00+00:00,c8196a,-34.11561584472656,151.2026479292889,168.32620258088212,13.32992,TFR22,5575.0,7215.0,1574672.1717755147,-3949831.807501606
15,2022-01-10 12:06:10+00:00,c8196a,-34.13186800681939,151.2007713317871,174.21051890973732,13.32992,TFR22,6000.0,7215.0,1574256.6505355474,-3951585.7855573874
16,2022-01-10 12:06:20+00:00,c8196a,-34.14615954382947,151.18263244628906,177.78339121654253,15.280640000000002,TFR22,6450.0,7215.0,1572391.8328558488,-3952921.8285034043
17,2022-01-10 12:06:30+00:00,c8196a,-34.158821752515905,151.18263244628906,179.74720475587935,17.55648,TFR22,6950.0,7215.0,1572201.279845763,-3954306.809827331
18,2022-01-10 12:06:40+00:00,c8196a,-34.169249453787074,151.16764068603516,179.74720475587935,20.482560000000003,TFR22,7575.0,7215.0,1570681.295244677,-3955259.9606823907
19,2022-01-10 12:06:50+00:00,c8196a,-34.1792581849179,151.15110397338867,179.74720475587935,20.482560000000003,TFR22,8250.0,7215.0,1569027.393529851,-3956148.218999164
20,2022-01-10 12:07:00+00:00,c8196a,-34.1886617369571,151.13645553588867,179.5770666321889,20.80768,TFR22,8875.0,7215.0,1567554.4899162555,-3956994.089695433
21,2022-01-10 12:07:10+00:00,c8196a,-34.198670468087926,151.12123489379883,178.7676245260549,21.1328,TFR22,9525.0,7215.0,1566020.7120125745,-3957899.2467333204
22,2022-01-10 12:07:20+00:00,c8196a,-34.208953857421875,151.10545255699935,177.4108448711245,19.182080000000003,TFR22,10250.0,7215.0,1564432.003344443,-3958827.689920783
23,2022-01-10 12:07:30+00:00,c8196a,-34.21870422363281,151.09031832948023,178.22347923015846,19.182080000000003,TFR22,10850.0,7215.0,1562910.4321769415,-3959706.122961189
24,2022-01-10 12:07:40+00:00,c8196a,-34.22795104980469,151.0759127869898,178.22347923015846,17.55648,TFR22,11450.0,7215.0,1561462.846054717,-3960538.7422719626
25,2022-01-10 12:07:50+00:00,c8196a,-34.237701416015625,151.06066645408163,178.22347923015846,15.60576,TFR22,11925.0,7215.0,1559931.5378298445,-3961416.224264618
26,2022-01-10 12:08:00+00:00,c8196a,-34.247406005859375,151.04558827925703,180.07377206269769,13.98016,TFR22,12375.0,7215.0,1558416.4253494048,-3962291.0111341663
27,2022-01-10 12:08:10+00:00,c8196a,-34.25802457130561,151.029052734375,183.3673559455732,11.70432,TFR22,12800.0,7215.0,1556755.4923023058,-3963247.979610502
28,2022-01-10 12:08:20+00:00,c8196a,-34.26840572033899,151.01280212402344,186.3466432993483,9.7536,TFR22,13125.0,7215.0,1555124.2590115606,-3964182.7626906126
29,2022-01-10 12:08:30+00:00,c8196a,-34.278533935546875,150.99699059311226,191.3980588329075,10.72896,TFR22,13400.0,7215.0,1553536.943368293,-3965095.5533208917
30,2022-01-10 12:08:40+00:00,c8196a,-34.28921457064354,150.98041534423828,195.00752877915207,10.72896,TFR22,13725.0,7215.0,1551872.2868547486,-3966059.614924483
31,2022-01-10 12:08:50+00:00,c8196a,-34.300247451006385,150.9634780883789,197.49089071058373,12.02944,TFR22,14075.0,7215.0,1550169.791838339,-3967058.032943093
32,2022-01-10 12:09:00+00:00,c8196a,-34.3114013671875,150.94637500996492,198.93556796890303,13.32992,TFR22,14475.0,7215.0,1548450.7326278375,-3968067.938889717
33,2022-01-10 12:09:10+00:00,c8196a,-34.322479248046875,150.92927893813777,200.15111409211872,13.98016,TFR22,14900.0,7215.0,1546733.736750481,-3969069.8982680216
34,2022-01-10 12:09:20+00:00,c8196a,-34.333465576171875,150.91201470822705,201.1535246238629,14.305280000000002,TFR22,15325.0,7215.0,1545003.1252335424,-3970060.057640144
35,2022-01-10 12:09:30+00:00,c8196a,-34.344332420219814,150.89475631713867,201.5629406824448,13.65504,TFR22,15750.0,7215.0,1543275.1097263538,-3971037.501817346
36,2022-01-10 12:09:40+00:00,c8196a,-34.355438232421875,150.87709387954402,202.0926974952253,13.98016,TFR22,16175.0,7215.0,1541507.1707298087,-3972036.4403384808
37,2022-01-10 12:09:50+00:00,c8196a,-34.366241455078125,150.85994175502233,202.0926974952253,15.60576,TFR22,16625.0,7215.0,1539790.3354881927,-3973008.8102652603
38,2022-01-10 12:10:00+00:00,c8196a,-34.37747761354609,150.84234237670898,202.0926974952253,15.60576,TFR22,17125.0,7215.0,1538026.801588934,-3974023.3910862743
39,2022-01-10 12:10:10+00:00,c8196a,-34.38871765136719,150.82485276825574,202.00100745495703,15.60576,TFR22,17625.0,7215.0,1536273.4833976058,-3975040.042588431
40,2022-01-10 12:10:20+00:00,c8196a,-34.399962344412074,150.80738067626953,202.18696387129472,14.630400000000002,TFR22,18100.0,7215.0,1534521.9945400045,-3976057.7187001863
41,2022-01-10 12:10:30+00:00,c8196a,-34.410809015823645,150.79038619995117,202.18696387129472,12.67968,TFR22,18500.0,7215.0,1532820.0137014294,-3977037.93978407
42,2022-01-10 12:10:40+00:00,c8196a,-34.421630859375,150.77317218391264,203.41430617067485,11.3792,TFR22,18850.0,7215.0,1531098.7657875333,-3978013.050953689
43,2022-01-10 12:10:50+00:00,c8196a,-34.43320064221399,150.7547950744629,204.85596745541852,11.05408,TFR22,19225.0,7215.0,1529261.29489259,-3979056.199759495
44,2022-01-10 12:11:00+00:00,c8196a,-34.444427490234375,150.7371863540338,206.82952152326573,10.40384,TFR22,19550.0,7215.0,1527498.8991333982,-3980071.463041343
45,2022-01-10 12:11:10+00:00,c8196a,-34.45577847755561,150.71949005126953,208.2729567800557,10.40384,TFR22,19850.0,7215.0,1525727.04881667,-3981099.562218931
46,2022-01-10 12:11:20+00:00,c8196a,-34.46745300292969,150.70131262954402,209.7165528048204,11.05408,TFR22,20225.0,7215.0,1523907.1357436595,-3982157.5688495915
47,2022-01-10 12:11:30+00:00,c8196a,-34.479034423828125,150.68320760921557,210.53019668727035,12.35456,TFR22,20600.0,7215.0,1522095.4841363516,-3983206.5801042914
48,2022-01-10 12:11:40+00:00,c8196a,-34.490570068359375,150.66504653619262,211.3457170965561,12.35456,TFR22,20975.0,7215.0,1520279.7469206203,-3984250.22127704
49,2022-01-10 12:11:50+00:00,c8196a,-34.501922607421875,150.6471096739477,211.85163702938087,12.35456,TFR22,21350.0,7215.0,1518487.3426245302,-3985276.838047514
50,2022-01-10 12:12:00+00:00,c8196a,-34.513270491260585,150.6291389465332,212.1630923934873,11.3792,TFR22,21700.0,7215.0,1516692.2548547483,-3986302.8508308404
51,2022-01-10 12:12:10+00:00,c8196a,-34.52508544921875,150.6104512117347,212.4753367832713,11.3792,TFR22,22075.0,7215.0,1514825.676345886,-3987371.7023228165
52,2022-01-10 12:12:20+00:00,c8196a,-34.53675842285156,150.59206592793367,213.6051775439045,10.72896,TFR22,22425.0,7215.0,1512988.9291107617,-3988428.981865983
53,2022-01-10 12:12:30+00:00,c8196a,-34.5487060546875,150.57317616988203,214.73523588887943,8.77824,TFR22,22750.0,7215.0,1511102.7973425242,-3989510.616979197
54,2022-01-10 12:12:40+00:00,c8196a,-34.5602882514566,150.55486679077148,216.8984001966001,8.77824,TFR22,23025.0,7215.0,1509274.93012497,-3990559.533084576
55,2022-01-10 12:12:50+00:00,c8196a,-34.57218933105469,150.53606928611288,218.7494287279898,10.72896,TFR22,23275.0,7215.0,1507398.5319705664,-3991637.8610567763
56,2022-01-10 12:13:00+00:00,c8196a,-34.584402310646226,150.5167007446289,219.47051694478296,10.72896,TFR22,23600.0,7215.0,1505466.2182650107,-3992743.869595468
57,2022-01-10 12:13:10+00:00,c8196a,-34.5963134765625,150.49812161192602,219.47051694478296,11.3792,TFR22,32000.0,7215.0,1503610.1740784158,-3993826.616779511
58,2022-01-10 12:13:20+00:00,c8196a,-34.60835266113281,150.47895159040178,219.47051694478296,13.0048,TFR22,32000.0,7215.0,1501699.0898102242,-3994916.6709728963
59,2022-01-10 12:13:30+00:00,c8196a,-34.620200981528114,150.46022415161133,218.0283833360924,12.02944,TFR22,32000.0,7215.0,1499831.219756125,-3995991.4485895904
60,2022-01-10 12:13:40+00:00,c8196a,-34.63183904098253,150.44174194335938,218.0283833360924,12.02944,TFR22,32000.0,7215.0,1497988.9454060097,-3997046.4485431523
61,2022-01-10 12:13:50+00:00,c8196a,-34.64408227952862,150.4222869873047,218.53699800261543,10.40384,TFR22,32000.0,7215.0,1496050.1800690962,-3998156.5292382925
62,2022-01-10 12:14:00+00:00,c8196a,-34.655813443458726,150.4035186767578,218.53699800261543,8.77824,TFR22,32000.0,7215.0,1494181.3467921773,-3999219.0163289
63,2022-01-10 12:14:10+00:00,c8196a,-34.66791702529133,150.3841209411621,219.2575778164241,8.128,TFR22,32000.0,7215.0,1492250.5043896195,-4000315.1932918183
64,2022-01-10 12:14:20+00:00,c8196a,-34.67964818922144,150.36540985107422,220.2889815302509,7.152640000000001,TFR22,32000.0,7215.0,1490387.5553544627,-4001379.0556916064
65,2022-01-10 12:14:30+00:00,c8196a,-34.691798323291835,150.34618377685547,222.1403503886927,7.152640000000001,TFR22,32000.0,7215.0,1488472.3137423703,-4002483.087935411
66,2022-01-10 12:14:40+00:00,c8196a,-34.70393371582031,150.3266564194037,223.58200252782729,7.152640000000001,TFR22,32000.0,7215.0,1486530.3734498776,-4003582.301280492
67,2022-01-10 12:14:50+00:00,c8196a,-34.71577272576803,150.30784606933594,224.30289356559643,8.128,TFR22,32000.0,7215.0,1484657.954701161,-4004657.861551079
68,2022-01-10 12:15:00+00:00,c8196a,-34.72834182997883,150.28776168823242,224.30289356559643,9.7536,TFR22,32000.0,7215.0,1482660.1284915998,-4005798.782356487
69,2022-01-10 12:15:10+00:00,c8196a,-34.74009704589844,150.26909030213648,223.8936885888212,9.7536,TFR22,32000.0,7215.0,1480802.2064284398,-4006867.5054261102
70,2022-01-10 12:15:20+00:00,c8196a,-34.752960205078125,150.2486310686384,223.8936885888212,12.35456,TFR22,32000.0,7215.0,1478767.0302833857,-4008037.016408465
71,2022-01-10 12:15:30+00:00,c8196a,-34.76483878442798,150.2296257019043,222.45167699041804,12.02944,TFR22,32000.0,7215.0,1476877.851993313,-4009116.0544175585
72,2022-01-10 12:15:40+00:00,c8196a,-34.77703857421875,150.2101789202009,221.4195901333368,12.02944,TFR22,32000.0,7215.0,1474944.518837667,-4010225.4874695498
73,2022-01-10 12:15:50+00:00,c8196a,-34.78889465332031,150.1911770567602,220.3886742100688,12.02944,TFR22,32000.0,7215.0,1473056.6962528857,-4011302.8097880217
74,2022-01-10 12:16:00+00:00,c8196a,-34.80063745530987,150.17223358154297,218.9477531996584,11.3792,TFR22,32000.0,7215.0,1471176.1178093054,-4012368.742984142
75,2022-01-10 12:16:10+00:00,c8196a,-34.812744140625,150.15261280293367,217.6104200889849,12.35456,TFR22,32000.0,7215.0,1469229.4634227261,-4013467.0156529765
76,2022-01-10 12:16:20+00:00,c8196a,-34.82456530554822,150.13349533081055,216.47825525673227,11.3792,TFR22,32000.0,7215.0,1467332.7487216094,-4014540.220137292
77,2022-01-10 12:16:30+00:00,c8196a,-34.83601715605141,150.11507034301758,215.6551456966426,11.3792,TFR22,32000.0,7215.0,1465504.2414987069,-4015581.343621784
78,2022-01-10 12:16:40+00:00,c8196a,-34.84757995605469,150.09639195033483,213.0829283631855,10.07872,TFR22,32000.0,7215.0,1463651.5827530888,-4016632.015653907
79,2022-01-10 12:16:50+00:00,c8196a,-34.85911560058594,150.07783850845027,212.6720455818572,10.07872,TFR22,32000.0,7215.0,1461810.9455742259,-4017681.500026445
80,2022-01-10 12:17:00+00:00,c8196a,-34.87065124511719,150.05917296117667,211.3338206135117,9.42848,TFR22,32000.0,7215.0,1459960.509167434,-4018730.015932465
81,2022-01-10 12:17:10+00:00,c8196a,-34.881683349609375,150.0412921516263,210.4101116035438,8.77824,TFR22,32000.0,7215.0,1458188.4479389263,-4019732.7302812
82,2022-01-10 12:17:20+00:00,c8196a,-34.8936767578125,150.02206607740752,210.4101116035438,5.20192,TFR22,32000.0,7215.0,1456281.565142129,-4020825.6349570053
83,2022-01-10 12:17:30+00:00,c8196a,-34.90468170683266,150.00452041625977,210.7211857323276,-0.65024,TFR22,32000.0,7215.0,1454540.826140077,-4021829.8911267347
84,2022-01-10 12:17:40+00:00,c8196a,-34.91641287076271,149.9857521057129,211.13085109302216,-0.65024,TFR22,32000.0,7215.0,1452679.6931094448,-4022899.9986294485
85,2022-01-10 12:17:50+00:00,c8196a,-34.9275388556012,149.96795654296875,210.7211857323276,0.0,TFR22,32000.0,7215.0,1450915.3019351277,-4023915.270839715
86,2022-01-10 12:18:00+00:00,c8196a,-34.93904113769531,149.94964599609375,211.0330554039312,0.0,TFR22,32000.0,7215.0,1449099.4163084573,-4024966.2064562747
87,2022-01-10 12:18:10+00:00,c8196a,-34.95066833496094,149.9310925542092,211.13085109302216,0.0,TFR22,32000.0,7215.0,1447260.168172434,-4026028.379760154
88,2022-01-10 12:18:20+00:00,c8196a,-34.96194095934851,149.9128532409668,210.92204,0.0,TFR22,32000.0,7215.0,1445454.595478133,-4027055.5869511147
89,2022-01-10 12:18:30+00:00,c8196a,-34.9735107421875,149.89426593391264,211.13085109302216,0.0,TFR22,32000.0,7215.0,1443613.7614261513,-4028111.7327320985
90,2022-01-10 12:18:40+00:00,c8196a,-34.98544983944652,149.8751449584961,211.4421165235169,-0.32512,TFR22,32000.0,7215.0,1441719.9106547164,-4029202.626926083
91,2022-01-10 12:18:50+00:00,c8196a,-34.99671548099843,149.857177734375,211.4421165235169,-0.32512,TFR22,32000.0,7215.0,1439940.0085297837,-4030233.1733768606
92,2022-01-10 12:19:00+00:00,c8196a,-35.008213883739415,149.83880996704102,211.13085109302216,0.0,TFR22,32000.0,7215.0,1438121.0129617348,-4031285.0003127186
93,2022-01-10 12:19:10+00:00,c8196a,-35.019293316340054,149.8209571838379,210.82038144316496,0.0,TFR22,32000.0,7215.0,1436354.6786003215,-4032297.048309808
94,2022-01-10 12:19:20+00:00,c8196a,-35.03051240565412,149.8029327392578,210.82038144316496,-0.32512,TFR22,32000.0,7215.0,1434571.2171041067,-4033322.777060244
95,2022-01-10 12:19:30+00:00,c8196a,-35.0424763307733,149.7835922241211,210.3063179773929,0.0,TFR22,32000.0,7215.0,1432658.9199404083,-4034415.5895786583
96,2022-01-10 12:19:40+00:00,c8196a,-35.05366516113281,149.76528868383292,210.3063179773929,-0.32512,TFR22,32000.0,7215.0,1430851.3402829552,-4035435.4710338684
97,2022-01-10 12:19:50+00:00,c8196a,-35.06510071835277,149.74668502807617,210.3063179773929,0.0,TFR22,32000.0,7215.0,1429013.5783172396,-4036479.3523383006
98,2022-01-10 12:20:00+00:00,c8196a,-35.07655334472656,149.72801364198023,210.51071109489305,0.32512,TFR22,32000.0,7215.0,1427169.802355652,-4037524.6726629958
99,2022-01-10 12:20:10+00:00,c8196a,-35.08753967285156,149.71018888512435,210.51071109489305,-0.32512,TFR22,32000.0,7215.0,1425409.213242273,-4038528.7283744
100,2022-01-10 12:20:20+00:00,c8196a,-35.09889221191406,149.69174754862885,210.3063179773929,0.0,TFR22,32000.0,7215.0,1423588.239007516,-4039566.3209891017
101,2022-01-10 12:20:30+00:00,c8196a,-35.110748291015625,149.67235331632654,210.51071109489305,0.0,TFR22,32000.0,7215.0,1421674.6719160026,-4040648.759839647
102,2022-01-10 12:20:40+00:00,c8196a,-35.12164306640625,149.6546406648597,210.51071109489305,-0.32512,TFR22,32000.0,7215.0,1419926.4210452535,-4041644.9850584543
103,2022-01-10 12:20:50+00:00,c8196a,-35.13339285123146,149.63567733764648,210.51071109489305,0.32512,TFR22,32000.0,7215.0,1418053.887642524,-4042721.3050495335
104,2022-01-10 12:21:00+00:00,c8196a,-35.144192970405186,149.61811065673828,210.61377570533185,0.0,TFR22,32000.0,7215.0,1416320.7367472749,-4043709.4060581787
105,2022-01-10 12:21:10+00:00,c8196a,-35.155792236328125,149.5993166553731,210.82038144316496,0.0,TFR22,32000.0,7215.0,1414466.217643355,-4044771.76853397
106,2022-01-10 12:21:20+00:00,c8196a,-35.167608746027554,149.5803451538086,210.82038144316496,0.0,TFR22,32000.0,7215.0,1412593.0586577607,-4045856.340301497
107,2022-01-10 12:21:30+00:00,c8196a,-35.17878128310383,149.56226348876953,210.82038144316496,0.0,TFR22,32000.0,7215.0,1410809.3149328744,-4046880.5089140967
108,2022-01-10 12:21:40+00:00,c8196a,-35.190186581369176,149.54378128051758,210.51071109489305,0.0,TFR22,32000.0,7215.0,1408986.5891081127,-4047926.0729176295
109,2022-01-10 12:21:50+00:00,c8196a,-35.20170593261719,149.52515894052934,211.2311073301602,0.0,TFR22,32000.0,7215.0,1407150.0042217823,-4048982.9278108077
110,2022-01-10 12:22:00+00:00,c8196a,-35.21322993908899,149.50647354125977,210.61377570533185,0.0,TFR22,32000.0,7215.0,1405308.009276905,-4050039.9241936994
111,2022-01-10 12:22:10+00:00,c8196a,-35.22430937168963,149.4882774353027,211.13273133541207,0.0,TFR22,32000.0,7215.0,1403516.5194334537,-4051053.8754712273
112,2022-01-10 12:22:20+00:00,c8196a,-35.23520259533899,149.47022133685175,210.82728573588872,0.0,TFR22,32000.0,7215.0,1401740.5013508296,-4052049.246230411
113,2022-01-10 12:22:30+00:00,c8196a,-35.246612548828125,149.45148468017578,211.0261578435199,-0.32512,TFR22,32000.0,7215.0,1399896.4297736036,-4053094.1279552747
114,2022-01-10 12:22:40+00:00,c8196a,-35.25801086425781,149.43294525146484,210.92204,0.32512,TFR22,32000.0,7215.0,1398070.630906296,-4054140.2621611557
115,2022-01-10 12:22:50+00:00,c8196a,-35.26918029785156,149.4148063659668,211.2311073301602,0.0,TFR22,32000.0,7215.0,1396284.3664155928,-4055166.0251456746
116,2022-01-10 12:23:00+00:00,c8196a,-35.280684131687,149.396063622008,211.0261578435199,0.0,TFR22,32000.0,7215.0,1394439.4791042677,-4056222.1554299924
117,2022-01-10 12:23:10+00:00,c8196a,-35.29243469238281,149.3766975402832,211.4389873623093,0.0,TFR22,32000.0,7215.0,1392535.4299269798,-4057298.8334877747
118,2022-01-10 12:23:20+00:00,c8196a,-35.30391369835809,149.35790366314828,211.3338206135117,0.0,TFR22,32000.0,7215.0,1390686.9621946511,-4058352.3563845893
119,2022-01-10 12:23:30+00:00,c8196a,-35.31531899662343,149.33932040600067,211.74605030012856,0.32512,TFR22,32000.0,7215.0,1388858.8048566175,-4059400.444855603
120,2022-01-10 12:23:40+00:00,c8196a,-35.32621765136719,149.3214225769043,211.4389873623093,-0.32512,TFR22,32000.0,7215.0,1387099.5526129073,-4060400.7400909984
121,2022-01-10 12:23:50+00:00,c8196a,-35.33803648867848,149.30203701587433,211.74605030012856,0.0,TFR22,32000.0,7215.0,1385194.2215677167,-4061486.0966393817
122,2022-01-10 12:24:00+00:00,c8196a,-35.34910583496094,149.28394317626953,212.0539166435476,-0.32512,TFR22,32000.0,7215.0,1383415.664928659,-4062503.6395145147
123,2022-01-10 12:24:10+00:00,c8196a,-35.36089363744702,149.26469518783244,212.0539166435476,0.0,TFR22,32000.0,7215.0,1381523.8418272086,-4063587.7946593477
124,2022-01-10 12:24:20+00:00,c8196a,-35.37229893571242,149.24605349276928,212.0539166435476,0.0,TFR22,32000.0,7215.0,1379692.102050632,-4064636.90841095
125,2022-01-10 12:24:30+00:00,c8196a,-35.383575439453125,149.22758102416992,212.0539166435476,0.0,TFR22,32000.0,7215.0,1377877.660920846,-4065674.0509436983
126,2022-01-10 12:24:40+00:00,c8196a,-35.3946533203125,149.20944213867188,212.2659780977038,0.32512,TFR22,32000.0,7215.0,1376096.2397344334,-4066693.3345640074
127,2022-01-10 12:24:50+00:00,c8196a,-35.40632629394531,149.19015884399414,212.2659780977038,-0.32512,TFR22,32000.0,7215.0,1374204.1619146697,-4067765.856188338
128,2022-01-10 12:25:00+00:00,c8196a,-35.417449951171875,149.17179107666016,212.2659780977038,0.0,TFR22,32000.0,7215.0,1372402.181920434,-4068788.3258183603
129,2022-01-10 12:25:10+00:00,c8196a,-35.429139218087926,149.15243595204456,212.2659780977038,-0.32512,TFR22,32000.0,7215.0,1370504.1177959065,-4069862.5512645277
130,2022-01-10 12:25:20+00:00,c8196a,-35.43993933726165,149.13455394988364,212.5718464394583,-0.32512,TFR22,32000.0,7215.0,1368750.8272062645,-4070855.393462115
131,2022-01-10 12:25:30+00:00,c8196a,-35.45201110839844,149.11468505859375,212.5718464394583,0.0,TFR22,32000.0,7215.0,1366802.1331615956,-4071966.789261895
132,2022-01-10 12:25:40+00:00,c8196a,-35.46270338155455,149.09697837017953,212.5718464394583,0.0,TFR22,32000.0,7215.0,1365066.696953196,-4072950.3202774264
133,2022-01-10 12:25:50+00:00,c8196a,-35.47466730667372,149.0772847926363,212.5718464394583,0.32512,TFR22,32000.0,7215.0,1363135.924887585,-4074052.4707821
134,2022-01-10 12:26:00+00:00,c8196a,-35.48625183105469,149.05838012695312,212.5718464394583,-0.32512,TFR22,32000.0,7215.0,1361281.5271308774,-4075121.8047833247
135,2022-01-10 12:26:10+00:00,c8196a,-35.49752445544226,149.03976765084775,212.5718464394583,0.0,TFR22,32000.0,7215.0,1359457.8877364434,-4076160.3329163813
136,2022-01-10 12:26:20+00:00,c8196a,-35.50892975370766,149.02100907995347,212.8785185143036,0.0,TFR22,32000.0,7215.0,1357619.6868624678,-4077212.209884569
137,2022-01-10 12:26:30+00:00,c8196a,-35.52033505197301,149.0021920711436,212.8785185143036,0.0,TFR22,32000.0,7215.0,1355776.569406112,-4078263.7937890226
138,2022-01-10 12:26:40+00:00,c8196a,-35.53138732910156,148.98399353027344,212.8785185143036,0.0,TFR22,32000.0,7215.0,1353994.0665963315,-4079283.5404232135
139,2022-01-10 12:26:50+00:00,c8196a,-35.543243408203125,148.96442413330078,212.5718464394583,0.0,TFR22,32000.0,7215.0,1352078.026298416,-4080377.2941022115
140,2022-01-10 12:27:00+00:00,c8196a,-35.554085424390905,148.94655917553192,212.5718464394583,0.0,TFR22,32000.0,7215.0,1350328.945061209,-4081378.1481193257
141,2022-01-10 12:27:10+00:00,c8196a,-35.565630379369736,148.92739153922872,212.3756679106691,0.0,TFR22,32000.0,7215.0,1348453.817011732,-4082442.678769517
142,2022-01-10 12:27:20+00:00,c8196a,-35.576709811970375,148.90892515791225,212.3756679106691,0.0,TFR22,32000.0,7215.0,1346648.1892525079,-4083463.847174301
143,2022-01-10 12:27:30+00:00,c8196a,-35.58825476694915,148.8896990836935,212.3756679106691,0.0,TFR22,32000.0,7215.0,1344768.4969082603,-4084528.4412316396
144,2022-01-10 12:27:40+00:00,c8196a,-35.59933419954979,148.871232702377,211.96091696850004,0.0,TFR22,32000.0,7215.0,1342963.5319811846,-4085550.2734934175
145,2022-01-10 12:27:50+00:00,c8196a,-35.610626220703125,148.85238647460938,211.96091696850004,0.0,TFR22,32000.0,7215.0,1341121.9745358,-4086591.774604613
146,2022-01-10 12:28:00+00:00,c8196a,-35.622098243842686,148.83318961934842,211.96091696850004,0.0,TFR22,32000.0,7215.0,1339246.895479778,-4087649.689506314
147,2022-01-10 12:28:10+00:00,c8196a,-35.6333638853946,148.81437261053858,211.96091696850004,0.0,TFR22,32000.0,7215.0,1337408.988989318,-4088689.2810761193
148,2022-01-10 12:28:20+00:00,c8196a,-35.64448987023309,148.79596466713764,211.85226164631263,0.0,TFR22,32000.0,7215.0,1335609.9923500565,-4089718.1845374955
149,2022-01-10 12:28:30+00:00,c8196a,-35.655802064022794,148.77720609624336,211.85226164631263,-0.32512,TFR22,32000.0,7215.0,1333777.3983461037,-4090764.18870722
150,2022-01-10 12:28:40+00:00,c8196a,-35.66693115234375,148.75877380371094,211.85226164631263,0.0,TFR22,32000.0,7215.0,1331976.830829715,-4091793.829610963
151,2022-01-10 12:28:50+00:00,c8196a,-35.67878723144531,148.73903274536133,211.96091696850004,-0.32512,TFR22,32000.0,7215.0,1330049.597570999,-4092889.97921107
152,2022-01-10 12:29:00+00:00,c8196a,-35.69011106329452,148.71999537691158,211.6566665421577,0.0,TFR22,32000.0,7215.0,1328192.835032938,-4093935.3378639836
153,2022-01-10 12:29:10+00:00,c8196a,-35.701263427734375,148.70132446289062,211.96091696850004,0.0,TFR22,32000.0,7215.0,1326371.544559473,-4094966.029270063
154,2022-01-10 12:29:20+00:00,c8196a,-35.712688898636145,148.6823613592919,211.5466039174588,0.0,TFR22,32000.0,7215.0,1324520.8166863644,-4096024.0442938064
155,2022-01-10 12:29:30+00:00,c8196a,-35.72395454018806,148.66354435048206,211.6566665421577,0.0,TFR22,32000.0,7215.0,1322685.6145544916,-4097066.340602629
156,2022-01-10 12:29:40+00:00,c8196a,-35.73498742055085,148.64507796916556,211.6566665421577,0.32512,TFR22,32000.0,7215.0,1320885.2309150817,-4098087.027605419
157,2022-01-10 12:29:50+00:00,c8196a,-35.74592719643806,148.6268453395113,211.5466039174588,0.32512,TFR22,32000.0,7215.0,1319107.3553916079,-4099100.2393981973
158,2022-01-10 12:30:00+00:00,c8196a,-35.757659912109375,148.60736846923828,211.5466039174588,0.32512,TFR22,32000.0,7215.0,1317207.9072755524,-4100188.0533173345
159,2022-01-10 12:30:10+00:00,c8196a,-35.76873779296875,148.5889434814453,211.5466039174588,-0.32512,TFR22,32000.0,7215.0,1315411.649098299,-4101215.117419864
160,2022-01-10 12:30:20+00:00,c8196a,-35.779998779296875,148.57017517089844,211.6566665421577,-0.32512,TFR22,32000.0,7215.0,1313582.553353562,-4102259.0841981834
161,2022-01-10 12:30:30+00:00,c8196a,-35.79148864746094,148.5509490966797,211.6566665421577,0.0,TFR22,32000.0,7215.0,1311709.780773494,-4103323.8193417583
162,2022-01-10 12:30:40+00:00,c8196a,-35.80258126986229,148.53223435422208,211.6566665421577,0.0,TFR22,32000.0,7215.0,1309888.326488517,-4104350.4776191013
163,2022-01-10 12:30:50+00:00,c8196a,-35.81403312036548,148.51300828000333,211.6566665421577,0.32512,TFR22,32000.0,7215.0,1308016.7320872974,-4105411.7180461967
164,2022-01-10 12:31:00+00:00,c8196a,-35.825298761917395,148.49413283327794,211.96091696850004,0.32512,TFR22,32000.0,7215.0,1306179.3221058543,-4106456.440165246
165,2022-01-10 12:31:10+00:00,c8196a,-35.83648681640625,148.4754180908203,211.96091696850004,0.32512,TFR22,32000.0,7215.0,1304357.6563664877,-4107494.62110694
166,2022-01-10 12:31:20+00:00,c8196a,-35.847747802734375,148.45647811889648,212.07201251016969,0.0,TFR22,32000.0,7215.0,1302515.1922930628,-4108538.836051753
167,2022-01-10 12:31:30+00:00,c8196a,-35.85867671643274,148.4381493101729,212.07201251016969,0.0,TFR22,32000.0,7215.0,1300732.1070239486,-4109553.1288180347
168,2022-01-10 12:31:40+00:00,c8196a,-35.86994934082031,148.41922760009766,212.07201251016969,0.32512,TFR22,32000.0,7215.0,1298891.80183621,-4110599.4849147373
169,2022-01-10 12:31:50+00:00,c8196a,-35.88139420848785,148.39987247548206,212.07201251016969,0.32512,TFR22,32000.0,7215.0,1297010.7849755003,-4111660.687701821
170,2022-01-10 12:32:00+00:00,c8196a,-35.89265985003976,148.38088015292553,212.4877921052108,0.32512,TFR22,32000.0,7215.0,1295164.9226334093,-4112706.2338320143
171,2022-01-10 12:32:10+00:00,c8196a,-35.904158252780746,148.36153720287567,212.4877921052108,0.32512,TFR22,32000.0,7215.0,1293285.019776975,-4113774.164674914
172,2022-01-10 12:32:20+00:00,c8196a,-35.91519113314354,148.34295394572806,212.4877921052108,0.32512,TFR22,32000.0,7215.0,1291479.4597275564,-4114798.952417177
173,2022-01-10 12:32:30+00:00,c8196a,-35.92645677469545,148.32396162317156,212.79085418348345,0.0,TFR22,32000.0,7215.0,1289634.619753634,-4115845.5234228177
174,2022-01-10 12:32:40+00:00,c8196a,-35.93795517743644,148.3045602352061,212.79085418348345,0.0,TFR22,32000.0,7215.0,1287750.521471735,-4116913.899592947
175,2022-01-10 12:32:50+00:00,c8196a,-35.94880184884801,148.2862691676363,212.79085418348345,-0.32512,TFR22,32000.0,7215.0,1285974.494396503,-4117922.1558392677
176,2022-01-10 12:33:00+00:00,c8196a,-35.95989990234375,148.26759338378906,213.3206420316363,-0.32512,TFR22,32000.0,7215.0,1284161.1463947222,-4118954.5080425
177,2022-01-10 12:33:10+00:00,c8196a,-35.971710205078125,148.24762344360352,213.3206420316363,0.32512,TFR22,32000.0,7215.0,1282223.2194333458,-4120052.502377713
178,2022-01-10 12:33:20+00:00,c8196a,-35.982598773503696,148.22905844830453,213.3206420316363,0.32512,TFR22,32000.0,7215.0,1280423.1076149486,-4121063.573158147
179,2022-01-10 12:33:30+00:00,c8196a,-35.99405062400689,148.20959862242356,213.3206420316363,0.0,TFR22,32000.0,7215.0,1278536.0951446467,-4122127.9660462043
180,2022-01-10 12:33:40+00:00,c8196a,-36.005218505859375,148.19063186645508,213.62252256533893,-0.32512,TFR22,32000.0,7215.0,1276697.1600478296,-4123166.4169352995
181,2022-01-10 12:33:50+00:00,c8196a,-36.016754150390625,148.1711196899414,213.62252256533893,0.0,TFR22,32000.0,7215.0,1274805.113936467,-4124240.224257879
182,2022-01-10 12:34:00+00:00,c8196a,-36.02769470214844,148.15252304077148,214.0389996392884,-0.32512,TFR22,32000.0,7215.0,1273002.849822696,-4125258.047222211
183,2022-01-10 12:34:10+00:00,c8196a,-36.03888042902543,148.13351245636636,214.0389996392884,0.0,TFR22,32000.0,7215.0,1271160.784835088,-4126299.0454207747
184,2022-01-10 12:34:20+00:00,c8196a,-36.05044555664063,148.11395645141602,214.34110315624204,0.0,TFR22,32000.0,7215.0,1269265.4971629858,-4127376.7151094126
185,2022-01-10 12:34:30+00:00,c8196a,-36.061798095703125,148.0947303771973,214.34110315624204,-0.32512,TFR22,32000.0,7215.0,1267402.7541282866,-4128434.62912746
186,2022-01-10 12:34:40+00:00,c8196a,-36.07291011487024,148.07589267162567,214.7574190264485,0.32512,TFR22,32000.0,7215.0,1265578.1156786177,-4129470.277166433
187,2022-01-10 12:34:50+00:00,c8196a,-36.084874039989415,148.05567315284242,214.7574190264485,0.0,TFR22,32000.0,7215.0,1263619.5496285856,-4130586.3255917644
188,2022-01-10 12:35:00+00:00,c8196a,-36.0960000248279,148.03685614403258,214.7574190264485,0.32512,TFR22,32000.0,7215.0,1261797.2849821574,-4131624.4172779964
189,2022-01-10 12:35:10+00:00,c8196a,-36.106842041015625,148.01834106445312,214.7574190264485,-0.32512,TFR22,32000.0,7215.0,1260005.8889742352,-4132634.547804039
190,2022-01-10 12:35:20+00:00,c8196a,-36.11878967285156,147.99814224243164,214.7574190264485,0.0,TFR22,32000.0,7215.0,1258050.4746176326,-4133750.106082856
191,2022-01-10 12:35:30+00:00,c8196a,-36.12965729277016,147.9796454247008,214.7574190264485,-0.32512,TFR22,32000.0,7215.0,1256261.0697924944,-4134763.919678419
192,2022-01-10 12:35:40+00:00,c8196a,-36.141295352224574,147.95977653341092,214.7574190264485,0.0,TFR22,32000.0,7215.0,1254339.7261975992,-4135849.35691341
193,2022-01-10 12:35:50+00:00,c8196a,-36.15252685546875,147.9407501220703,214.0389996392884,-0.32512,TFR22,32000.0,7215.0,1252499.1295405568,-4136898.707818386
194,2022-01-10 12:36:00+00:00,c8196a,-36.16378784179688,147.92146682739258,214.0389996392884,-0.32512,TFR22,32000.0,7215.0,1250635.5301635398,-4137949.0972655974
195,2022-01-10 12:36:10+00:00,c8196a,-36.17527770996094,147.90184020996094,214.1551962032788,0.0,TFR22,32000.0,7215.0,1248738.759455973,-4139021.679770861
196,2022-01-10 12:36:20+00:00,c8196a,-36.18603205276747,147.88328130194483,214.45590197346883,0.0,TFR22,32000.0,7215.0,1246946.858912124,-4140024.057178608
197,2022-01-10 12:36:30+00:00,c8196a,-36.19739079879503,147.86376303814828,214.45590197346883,0.0,TFR22,32000.0,7215.0,1245062.082088626,-4141083.948878201
198,2022-01-10 12:36:40+00:00,c8196a,-36.20870299258473,147.84447852601397,214.45590197346883,0.0,TFR22,32000.0,7215.0,1243199.1333136216,-4142141.373537748
199,2022-01-10 12:36:50+00:00,c8196a,-36.21995544433594,147.82516479492188,214.45590197346883,0.0,TFR22,32000.0,7215.0,1241334.6489454343,-4143192.2667358583
200,2022-01-10 12:37:00+00:00,c8196a,-36.23118772345077,147.80602637757647,214.45590197346883,0.0,TFR22,32000.0,7215.0,1239486.4338544176,-4144243.0131845637
201,2022-01-10 12:37:10+00:00,c8196a,-36.24234008789063,147.7869415283203,214.8732270925793,0.0,TFR22,32000.0,7215.0,1237644.3238891338,-4145285.8118689405
202,2022-01-10 12:37:20+00:00,c8196a,-36.25423108117059,147.76663922249003,214.8732270925793,0.32512,TFR22,32000.0,7215.0,1235684.746189647,-4146398.510923368
203,2022-01-10 12:37:30+00:00,c8196a,-36.26577603614936,147.74688720703125,215.1741593612641,0.32512,TFR22,32000.0,7215.0,1233778.9411931948,-4147478.802869992
204,2022-01-10 12:37:40+00:00,c8196a,-36.27662270756093,147.72830394988364,215.29097253801075,-0.32512,TFR22,32000.0,7215.0,1231986.4225057631,-4148493.8348309146
205,2022-01-10 12:37:50+00:00,c8196a,-36.28779524463721,147.70901943774933,215.70913586773304,-0.32512,TFR22,32000.0,7215.0,1230127.611756109,-4149538.3013707404
206,2022-01-10 12:38:00+00:00,c8196a,-36.29942321777344,147.68898010253906,215.70913586773304,0.0,TFR22,32000.0,7215.0,1228196.1910760575,-4150626.020452047
207,2022-01-10 12:38:10+00:00,c8196a,-36.31059265136719,147.66969680786133,215.70913586773304,0.0,TFR22,32000.0,7215.0,1226338.2301928648,-4151670.8672057446
208,2022-01-10 12:38:20+00:00,c8196a,-36.32167053222656,147.65058517456055,215.70913586773304,0.0,TFR22,32000.0,7215.0,1224497.0544703319,-4152707.626403672
209,2022-01-10 12:38:30+00:00,c8196a,-36.33295091532045,147.63112169630986,215.5913216992048,0.0,TFR22,32000.0,7215.0,1222622.3485877516,-4153763.66507046
210,2022-01-10 12:38:40+00:00,c8196a,-36.34430966134801,147.61166187042886,215.5913216992048,0.0,TFR22,32000.0,7215.0,1220747.379783191,-4154828.747512996
211,2022-01-10 12:38:50+00:00,c8196a,-36.35548219842428,147.59237735829456,215.5913216992048,0.0,TFR22,32000.0,7215.0,1218890.6579229906,-4155875.3229657123
212,2022-01-10 12:39:00+00:00,c8196a,-36.366943359375,147.5727653503418,215.5913216992048,0.0,TFR22,32000.0,7215.0,1217001.5746548125,-4156950.949970744
213,2022-01-10 12:39:10+00:00,c8196a,-36.37843245166846,147.55293176529256,215.5913216992048,-0.32512,TFR22,32000.0,7215.0,1215092.729413593,-4158027.8809018536
214,2022-01-10 12:39:20+00:00,c8196a,-36.38988430217165,147.53347193941158,215.5913216992048,-0.32512,TFR22,32000.0,7215.0,1213218.0704462612,-4159104.675252335
215,2022-01-10 12:39:30+00:00,c8196a,-36.40119649596136,147.51407055144614,215.29097253801075,-0.32512,TFR22,32000.0,7215.0,1211350.6523586316,-4160166.964060255
216,2022-01-10 12:39:40+00:00,c8196a,-36.41258239746094,147.4944305419922,214.5731061684803,-0.32512,TFR22,32000.0,7215.0,1209461.4041711823,-4161235.4515138767
217,2022-01-10 12:39:50+00:00,c8196a,-36.42347717285156,147.47560501098633,214.27379999817748,0.32512,TFR22,32000.0,7215.0,1207651.06582538,-4162257.874456731
218,2022-01-10 12:40:00+00:00,c8196a,-36.43476065942798,147.45604170129656,213.9753120006752,0.32512,TFR22,32000.0,7215.0,1205770.582635072,-4163316.4915765845
219,2022-01-10 12:40:10+00:00,c8196a,-36.44563293457031,147.4372673034668,213.9753120006752,0.32512,TFR22,32000.0,7215.0,1203965.7454989424,-4164337.5950003946
220,2022-01-10 12:40:20+00:00,c8196a,-36.457305908203125,147.41683959960938,213.9753120006752,0.0,TFR22,32000.0,7215.0,1202004.1991778736,-4165431.677195405
221,2022-01-10 12:40:30+00:00,c8196a,-36.46806335449219,147.39824295043945,214.27379999817748,0.32512,TFR22,32000.0,7215.0,1200217.2637661677,-4166442.47917938
222,2022-01-10 12:40:40+00:00,c8196a,-36.47969055175781,147.37804412841797,214.27379999817748,0.0,TFR22,32000.0,7215.0,1198277.414378461,-4167534.4292239784
223,2022-01-10 12:40:50+00:00,c8196a,-36.49076843261719,147.35876083374023,214.6927118018735,0.0,TFR22,32000.0,7215.0,1196426.1048931803,-4168574.7766903164
224,2022-01-10 12:41:00+00:00,c8196a,-36.50184631347656,147.33953475952148,214.6927118018735,0.0,TFR22,32000.0,7215.0,1194580.2432536732,-4169616.0151094384
225,2022-01-10 12:41:10+00:00,c8196a,-36.51338738910226,147.3194722926363,214.6927118018735,0.32512,TFR22,32000.0,7215.0,1192654.665853072,-4170700.8492386937
226,2022-01-10 12:41:20+00:00,c8196a,-36.524420269465054,147.300187780502,214.6927118018735,-0.32512,TFR22,32000.0,7215.0,1190804.8186445043,-4171737.266149281
227,2022-01-10 12:41:30+00:00,c8196a,-36.53553771972656,147.2808837890625,214.99143477351203,0.0,TFR22,32000.0,7215.0,1188952.584234592,-4172783.19215053
228,2022-01-10 12:41:40+00:00,c8196a,-36.5467529296875,147.26131439208984,215.4101795793664,0.0,TFR22,32000.0,7215.0,1187075.880846418,-4173837.764363442
229,2022-01-10 12:41:50+00:00,c8196a,-36.558013916015625,147.24180221557617,215.4101795793664,0.0,TFR22,32000.0,7215.0,1185204.0974442738,-4174898.2930427156
230,2022-01-10 12:42:00+00:00,c8196a,-36.56948283567266,147.22182253573803,215.4101795793664,-0.32512,TFR22,32000.0,7215.0,1183288.5552033477,-4175977.7604926494
231,2022-01-10 12:42:10+00:00,c8196a,-36.580169677734375,147.2032356262207,215.82933816354708,0.0,TFR22,32000.0,7215.0,1181506.6718439325,-4176984.2381652608
232,2022-01-10 12:42:20+00:00,c8196a,-36.59187446206306,147.1828444460605,215.82933816354708,-0.32512,TFR22,32000.0,7215.0,1179552.4110694318,-4178086.6370661505
233,2022-01-10 12:42:30+00:00,c8196a,-36.60323320809061,147.1629755547706,215.82933816354708,0.0,TFR22,32000.0,7215.0,1177649.1122347894,-4179156.0606299024
234,2022-01-10 12:42:40+00:00,c8196a,-36.61427307128906,147.14372634887695,216.24890811995544,0.32512,TFR22,32000.0,7215.0,1175805.1102669362,-4180196.3926676014
235,2022-01-10 12:42:50+00:00,c8196a,-36.62562561035156,147.12387084960938,216.24890811995544,0.32512,TFR22,32000.0,7215.0,1173903.7919356024,-4181265.9787369585
236,2022-01-10 12:43:00+00:00,c8196a,-36.63642495365468,147.10494670462103,216.24890811995544,0.32512,TFR22,32000.0,7215.0,1172092.2348422806,-4182283.4482744746
237,2022-01-10 12:43:10+00:00,c8196a,-36.64805603027344,147.0846176147461,216.5467064941468,0.0,TFR22,32000.0,7215.0,1170146.2059793745,-4183380.1420170576
238,2022-01-10 12:43:20+00:00,c8196a,-36.6595458984375,147.0644760131836,216.96610898865885,0.0,TFR22,32000.0,7215.0,1168218.891476647,-4184463.347523579
239,2022-01-10 12:43:30+00:00,c8196a,-36.67071533203125,147.04496383666992,216.96610898865885,0.32512,TFR22,32000.0,7215.0,1166351.7156575285,-4185517.334071847
240,2022-01-10 12:43:40+00:00,c8196a,-36.68179321289063,147.02556610107422,216.96610898865885,0.32512,TFR22,32000.0,7215.0,1164496.1383675449,-4186562.6098913657
241,2022-01-10 12:43:50+00:00,c8196a,-36.693358340505824,147.0053684965093,216.96610898865885,0.32512,TFR22,32000.0,7215.0,1162564.0638689352,-4187654.727452427
242,2022-01-10 12:44:00+00:00,c8196a,-36.70454406738281,146.98579788208008,217.6833784348286,0.0,TFR22,32000.0,7215.0,1160692.5590370938,-4188711.0498767965
243,2022-01-10 12:44:10+00:00,c8196a,-36.71589660644531,146.96599960327148,217.6833784348286,0.0,TFR22,32000.0,7215.0,1158799.2215607332,-4189784.0813502725
244,2022-01-10 12:44:20+00:00,c8196a,-36.727434578588486,146.94576182263964,217.6833784348286,0.0,TFR22,32000.0,7215.0,1156864.9895957427,-4190873.944871188
245,2022-01-10 12:44:30+00:00,c8196a,-36.73814392089844,146.92691802978516,217.6833784348286,0.0,TFR22,32000.0,7215.0,1155064.7135971496,-4191885.331174548
246,2022-01-10 12:44:40+00:00,c8196a,-36.74981689453125,146.9064903259277,217.6833784348286,0.0,TFR22,32000.0,7215.0,1153112.7593976483,-4192989.122363143
247,2022-01-10 12:44:50+00:00,c8196a,-36.7610452942929,146.88685640375667,217.38591976288,-0.32512,TFR22,32000.0,7215.0,1151236.91397523,-4194051.3854826065
248,2022-01-10 12:45:00+00:00,c8196a,-36.772310935844814,146.86704595038233,217.08927260637287,-0.32512,TFR22,32000.0,7215.0,1149345.2871050842,-4195116.513222253
249,2022-01-10 12:45:10+00:00,c8196a,-36.78357657739673,146.847235497008,216.79344029659453,0.0,TFR22,32000.0,7215.0,1147454.019949862,-4196182.005158441
250,2022-01-10 12:45:20+00:00,c8196a,-36.79516808461335,146.82660691281583,216.79344029659453,0.32512,TFR22,32000.0,7215.0,1145486.6094436417,-4197276.463123592
251,2022-01-10 12:45:30+00:00,c8196a,-36.80615441273835,146.80720552485042,217.08927260637287,-0.32512,TFR22,32000.0,7215.0,1143635.6367540958,-4198315.510459874
252,2022-01-10 12:45:40+00:00,c8196a,-36.817474365234375,146.7871856689453,217.08927260637287,0.32512,TFR22,32000.0,7215.0,1141726.2074170136,-4199386.209314362
253,2022-01-10 12:45:50+00:00,c8196a,-36.82868957519531,146.76727294921875,217.2148031842353,0.65024,TFR22,32000.0,7215.0,1139827.8571524073,-4200446.658582515
254,2022-01-10 12:46:00+00:00,c8196a,-36.8397216796875,146.74781799316406,217.38591976288,0.65024,TFR22,32000.0,7215.0,1137972.6531423165,-4201491.353234827
255,2022-01-10 12:46:10+00:00,c8196a,-36.85084456104343,146.72814410665762,217.38591976288,0.32512,TFR22,32000.0,7215.0,1136097.2996683815,-4202544.467138602
256,2022-01-10 12:46:20+00:00,c8196a,-36.86238951602223,146.7079029912534,217.38591976288,0.0,TFR22,32000.0,7215.0,1134167.1065952703,-4203639.540201043
257,2022-01-10 12:46:30+00:00,c8196a,-36.87388791876327,146.68760216754416,217.38591976288,0.0,TFR22,32000.0,7215.0,1132232.5026573555,-4204729.30243713
258,2022-01-10 12:46:40+00:00,c8196a,-36.884857177734375,146.66829859956783,217.38591976288,0.32512,TFR22,32000.0,7215.0,1130392.8837216932,-4205769.837675831
259,2022-01-10 12:46:50+00:00,c8196a,-36.89634704589844,146.64802064286903,217.38591976288,-0.32512,TFR22,32000.0,7215.0,1128461.144279433,-4206859.605041384
260,2022-01-10 12:47:00+00:00,c8196a,-36.90737915039063,146.62850237907247,217.51006240516105,0.0,TFR22,32000.0,7215.0,1126602.435683226,-4207905.881627773
261,2022-01-10 12:47:10+00:00,c8196a,-36.91864013671875,146.60857504986703,217.51006240516105,-0.32512,TFR22,32000.0,7215.0,1124705.156824686,-4208974.191750782
262,2022-01-10 12:47:20+00:00,c8196a,-36.9297506041446,146.58884463102922,217.63656630804792,-0.32512,TFR22,32000.0,7215.0,1122827.419630586,-4210027.961867966
263,2022-01-10 12:47:30+00:00,c8196a,-36.941155902409946,146.56848409901494,217.63656630804792,0.32512,TFR22,32000.0,7215.0,1120890.7526167668,-4211109.11889286
264,2022-01-10 12:47:40+00:00,c8196a,-36.95256120067535,146.54806385869566,217.63656630804792,-0.32512,TFR22,32000.0,7215.0,1118949.15394313,-4212190.1264252905
265,2022-01-10 12:47:50+00:00,c8196a,-36.96354752880035,146.52847953464675,217.63656630804792,-0.32512,TFR22,32000.0,7215.0,1117086.8584993293,-4213232.54906391
266,2022-01-10 12:48:00+00:00,c8196a,-36.974766618114415,146.50853696076766,217.63656630804792,-0.32512,TFR22,32000.0,7215.0,1115190.5022826518,-4214297.924827378
267,2022-01-10 12:48:10+00:00,c8196a,-36.98606872558594,146.4883098196476,217.93125411351235,0.0,TFR22,32000.0,7215.0,1113268.3067913393,-4215370.341630149
268,2022-01-10 12:48:20+00:00,c8196a,-36.99720479674261,146.46853239639947,217.93125411351235,0.0,TFR22,32000.0,7215.0,1111388.2654884623,-4216428.721484056
269,2022-01-10 12:48:30+00:00,c8196a,-37.00831604003906,146.4487473508145,217.93125411351235,0.0,TFR22,32000.0,7215.0,1109508.1765147685,-4217484.644969745
270,2022-01-10 12:48:40+00:00,c8196a,-37.01976013183594,146.42829408036903,217.63656630804792,-0.32512,TFR22,32000.0,7215.0,1107565.4289614703,-4218571.911292315
271,2022-01-10 12:48:50+00:00,c8196a,-37.03074645996094,146.40871737865692,217.2148031842353,-0.32512,TFR22,32000.0,7215.0,1105705.9376950415,-4219616.563551055
272,2022-01-10 12:49:00+00:00,c8196a,-37.042034601761145,146.38852326766303,217.2148031842353,-0.32512,TFR22,32000.0,7215.0,1103788.6558716567,-4220689.583032219
273,2022-01-10 12:49:10+00:00,c8196a,-37.05308532714844,146.3687458444149,217.34269662099217,-1.95072,TFR22,31975.0,7215.0,1101911.3420402054,-4221740.327431884
274,2022-01-10 12:49:20+00:00,c8196a,-37.064053810248936,146.34911578634512,217.2148031842353,-5.20192,TFR22,31825.0,7215.0,1100048.3649716508,-4222783.60939124
275,2022-01-10 12:49:30+00:00,c8196a,-37.075645317465614,146.32851642111075,217.2148031842353,-5.20192,TFR22,31675.0,7215.0,1098092.8832766344,-4223887.809600333
276,2022-01-10 12:49:40+00:00,c8196a,-37.087005615234375,146.3083210397274,217.2148031842353,-5.52704,TFR22,31500.0,7215.0,1096176.169049981,-4224970.304502694
277,2022-01-10 12:49:50+00:00,c8196a,-37.09822082519531,146.2883352726064,216.79344029659453,-5.52704,TFR22,31325.0,7215.0,1094280.0101969624,-4226038.922616524
278,2022-01-10 12:50:00+00:00,c8196a,-37.10939025878906,146.26840794340094,216.79344029659453,-7.80288,TFR22,31125.0,7215.0,1092389.897994665,-4227103.343650783
279,2022-01-10 12:50:10+00:00,c8196a,-37.12055969238281,146.2484806141955,216.076891115838,-12.67968,TFR22,30775.0,7215.0,1090500.146302445,-4228168.130342456
280,2022-01-10 12:50:20+00:00,c8196a,-37.13160110732258,146.22880355171534,216.076891115838,-17.881600000000002,TFR22,30275.0,7215.0,1088634.3491397363,-4229221.261771402
281,2022-01-10 12:50:30+00:00,c8196a,-37.142401226496304,146.20945806088656,216.6267425501269,-17.881600000000002,TFR22,29725.0,7215.0,1086800.9318576513,-4230250.872038447
282,2022-01-10 12:50:40+00:00,c8196a,-37.15408583818856,146.188440737517,216.49842617386489,-17.55648,TFR22,29150.0,7215.0,1084809.9816077787,-4231364.435940755
283,2022-01-10 12:50:50+00:00,c8196a,-37.16521182302705,146.1684981636379,216.49842617386489,-14.305280000000002,TFR22,28650.0,7215.0,1082920.7905392472,-4232425.741193023
284,2022-01-10 12:51:00+00:00,c8196a,-37.17610504667641,146.1490929645041,214.22253662357903,-13.98016,TFR22,28275.0,7215.0,1081082.1303170829,-4233466.23118223
285,2022-01-10 12:51:10+00:00,c8196a,-37.18727758375269,146.12909068231997,212.07326044405465,-13.98016,TFR22,27875.0,7215.0,1079187.854324522,-4234532.906043151
286,2022-01-10 12:51:20+00:00,c8196a,-37.19801330566406,146.10980744057514,210.47802153422683,-13.98016,TFR22,27450.0,7215.0,1077362.393761834,-4235557.683291805
287,2022-01-10 12:51:30+00:00,c8196a,-37.208770751953125,146.09040605260972,210.47802153422683,-17.231360000000002,TFR22,26950.0,7215.0,1075526.5589482936,-4236584.199433911
288,2022-01-10 12:51:40+00:00,c8196a,-37.21935207560915,146.0711139181386,210.47802153422683,-19.5072,TFR22,26375.0,7215.0,1073702.6320832104,-4237592.4654219765
289,2022-01-10 12:51:50+00:00,c8196a,-37.23033840373415,146.0511713442595,211.617275703338,-20.15744,TFR22,25800.0,7215.0,1071817.0441252915,-4238640.433051009
290,2022-01-10 12:52:00+00:00,c8196a,-37.24071955276747,146.0322438115659,212.62475249170123,-20.15744,TFR22,25175.0,7215.0,1070028.2476193784,-4239630.296887272
291,2022-01-10 12:52:10+00:00,c8196a,-37.25175476074219,146.01233299742356,213.63367219261852,-17.231360000000002,TFR22,24550.0,7215.0,1068145.6471109968,-4240684.66354358
292,2022-01-10 12:52:20+00:00,c8196a,-37.26274108886719,145.99252254404922,213.63367219261852,-17.231360000000002,TFR22,23900.0,7215.0,1066272.818130874,-4241734.823933004
293,2022-01-10 12:52:30+00:00,c8196a,-37.27391052246094,145.97236146318153,213.63367219261852,-15.280640000000002,TFR22,23400.0,7215.0,1064367.324621991,-4242802.682372079
294,2022-01-10 12:52:40+00:00,c8196a,-37.28485107421875,145.95272632355386,211.6516649372384,-13.65504,TFR22,22950.0,7215.0,1062511.2297232614,-4243849.973061647
295,2022-01-10 12:52:50+00:00,c8196a,-37.29579085010596,145.93312802522078,209.2086322466444,-10.72896,TFR22,22575.0,7215.0,1060658.7566527023,-4244897.8423955375
296,2022-01-10 12:53:00+00:00,c8196a,-37.30635820809061,145.91396165930706,205.9222365440789,-10.07872,TFR22,22275.0,7215.0,1058848.8327104563,-4245908.392343914
297,2022-01-10 12:53:10+00:00,c8196a,-37.31618073027016,145.89598945949388,202.037688464428,-10.07872,TFR22,21975.0,7215.0,1057152.8857166686,-4246846.6964452565
298,2022-01-10 12:53:20+00:00,c8196a,-37.32660843154133,145.8762260105299,198.9089593204504,-11.3792,TFR22,21625.0,7215.0,1055292.1689397916,-4247837.389261389
299,2022-01-10 12:53:30+00:00,c8196a,-37.33619819253181,145.85753731105638,196.64954149286064,-12.02944,TFR22,21250.0,7215.0,1053535.7901759555,-4248744.479205814
300,2022-01-10 12:53:40+00:00,c8196a,-37.34559631347656,145.8391230157081,195.3871586181344,-14.955520000000002,TFR22,20825.0,7215.0,1051806.0164766854,-4249632.915059177
301,2022-01-10 12:53:50+00:00,c8196a,-37.35486563989673,145.82075699515966,195.3871586181344,-15.93088,TFR22,20325.0,7215.0,1050082.1464556847,-4250507.765915933
302,2022-01-10 12:54:00+00:00,c8196a,-37.36426919193593,145.8021877122962,195.3871586181344,-15.60576,TFR22,19800.0,7215.0,1048339.1468186552,-4251396.113777792
303,2022-01-10 12:54:10+00:00,c8196a,-37.3736572265625,145.78378230967422,195.6308173559497,-15.60576,TFR22,19300.0,7215.0,1046611.1041815132,-4252284.410682048
304,2022-01-10 12:54:20+00:00,c8196a,-37.38327026367188,145.76531592835772,197.18780115739983,-14.955520000000002,TFR22,18800.0,7215.0,1044875.5969715596,-4253197.470241458
305,2022-01-10 12:54:30+00:00,c8196a,-37.393157958984375,145.7464989195479,197.18780115739983,-5.52704,TFR22,18525.0,7215.0,1043106.4744684997,-4254138.404801846
306,2022-01-10 12:54:40+00:00,c8196a,-37.40286099708686,145.72808970575747,197.9005288590482,-4.8768,TFR22,18350.0,7215.0,1041375.6759237912,-4255062.543346265
307,2022-01-10 12:54:50+00:00,c8196a,-37.412841796875,145.70921552942156,198.6133639275268,-4.8768,TFR22,18200.0,7215.0,1039601.1242657148,-4256013.96750144
308,2022-01-10 12:55:00+00:00,c8196a,-37.42254638671875,145.6908075860206,199.38206230724325,-4.8768,TFR22,18050.0,7215.0,1037871.0094671746,-4256938.905975072
309,2022-01-10 12:55:10+00:00,c8196a,-37.43256132481463,145.67178477411684,199.38206230724325,-9.10336,TFR22,17875.0,7215.0,1036083.5520859385,-4257893.526997042
310,2022-01-10 12:55:20+00:00,c8196a,-37.441314697265625,145.65182949634308,199.38206230724325,-14.305280000000002,TFR22,17400.0,7215.0,1034226.8966532947,-4258700.764046136
311,2022-01-10 12:55:30+00:00,c8196a,-37.44694519042969,145.63108403631983,196.88962176294075,-14.305280000000002,TFR22,16950.0,7215.0,1032332.7653182382,-4259155.192996295
312,2022-01-10 12:55:40+00:00,c8196a,-37.44834253343487,145.6095090119735,195.1994697088016,-14.305280000000002,TFR22,16500.0,7215.0,1030408.929703944,-4259133.242189823
313,2022-01-10 12:55:50+00:00,c8196a,-37.44834253343487,145.58783489724863,193.4863482514752,-14.305280000000002,TFR22,16050.0,7215.0,1028490.6907862456,-4258955.696305544
314,2022-01-10 12:56:00+00:00,c8196a,-37.44834253343487,145.56557513297872,192.9411917318303,-14.630400000000002,TFR22,15575.0,7215.0,1026520.5878857137,-4258773.697373909
315,2022-01-10 12:56:10+00:00,c8196a,-37.44834253343487,145.5435910432235,192.41305983506763,-14.630400000000002,TFR22,15100.0,7215.0,1024574.8519781694,-4258594.294900849
316,2022-01-10 12:56:20+00:00,c8196a,-37.44834253343487,145.52233488663384,191.89864533427203,-14.630400000000002,TFR22,14650.0,7215.0,1022693.5131084456,-4258421.156427303
317,2022-01-10 12:56:30+00:00,c8196a,-37.44834253343487,145.500720480214,191.3842309920606,-14.630400000000002,TFR22,14200.0,7215.0,1020780.4362788345,-4258245.4261935055
318,2022-01-10 12:56:40+00:00,c8196a,-37.44834253343487,145.47891170420547,190.883681915341,-14.630400000000002,TFR22,13725.0,7215.0,1018850.1253211716,-4258068.449176498
319,2022-01-10 12:56:50+00:00,c8196a,-37.44834253343487,145.45740655127992,190.3693053603109,-14.630400000000002,TFR22,13275.0,7215.0,1016946.6582223227,-4257894.264066561
320,2022-01-10 12:57:00+00:00,c8196a,-37.44834253343487,145.4356981360394,190.3693053603109,-14.305280000000002,TFR22,12800.0,7215.0,1015025.16973863,-4257718.762955376
321,2022-01-10 12:57:10+00:00,c8196a,-37.44806322000795,145.41468081266984,189.854929170764,-14.305280000000002,TFR22,12375.0,7215.0,1013167.6477917619,-4257518.155064575
322,2022-01-10 12:57:20+00:00,c8196a,-37.44776916503906,145.39259890292553,189.854929170764,-13.98016,TFR22,11900.0,7215.0,1011216.0014359951,-4257307.65410684
323,2022-01-10 12:57:30+00:00,c8196a,-37.44750459315412,145.37097433338994,189.854929170764,-13.65504,TFR22,11475.0,7215.0,1009304.49876021,-4257104.441946501
324,2022-01-10 12:57:40+00:00,c8196a,-37.44722527972726,145.3495390518852,189.3328655142632,-13.98016,TFR22,11025.0,7215.0,1007409.8602196308,-4256901.438921843
325,2022-01-10 12:57:50+00:00,c8196a,-37.44703674316406,145.3288431370512,188.29774834184343,-9.42848,TFR22,10650.0,7215.0,1005579.7211972043,-4256714.753468089
326,2022-01-10 12:58:00+00:00,c8196a,-37.44685363769531,145.3078639253657,183.66803579507305,-1.30048,TFR22,10500.0,7215.0,1003724.4151123563,-4256526.70943688
327,2022-01-10 12:58:10+00:00,c8196a,-37.44666665287343,145.2879797894022,176.98742847209826,-2.92608,TFR22,10450.0,7215.0,1001966.0548285736,-4256347.274623459
328,2022-01-10 12:58:20+00:00,c8196a,-37.44635009765625,145.26835989444814,171.34769730314315,-2.92608,TFR22,10375.0,7215.0,1000232.3486927222,-4256155.834160947
329,2022-01-10 12:58:30+00:00,c8196a,-37.44596836930617,145.24881114130434,166.74414910017308,-3.90144,TFR22,10250.0,7215.0,998505.554728289,-4255957.992655601
330,2022-01-10 12:58:40+00:00,c8196a,-37.44561767578125,145.23084275265958,162.63022412197688,-4.8768,TFR22,10125.0,7215.0,996918.3239243707,-4255776.400980157
331,2022-01-10 12:58:50+00:00,c8196a,-37.44517698126327,145.21226965862772,158.00215981561416,-8.128,TFR22,10000.0,7215.0,995278.4203234476,-4255580.253086011
332,2022-01-10 12:59:00+00:00,c8196a,-37.44479370117188,145.19478655875997,155.41658906302266,-8.128,TFR22,9800.0,7215.0,993734.4113032861,-4255399.340840325
333,2022-01-10 12:59:10+00:00,c8196a,-37.44447326660156,145.1770214324302,154.36406355395317,-8.128,TFR22,9525.0,7215.0,992164.779947589,-4255223.39469473
334,2022-01-10 12:59:20+00:00,c8196a,-37.444292488744736,145.1603831415591,153.3181219551672,-8.128,TFR22,9275.0,7215.0,990693.5027752877,-4255072.060355818
335,2022-01-10 12:59:30+00:00,c8196a,-37.44415283203125,145.1424846243351,151.76882724796494,-8.128,TFR22,9025.0,7215.0,989110.2209296176,-4254915.5674682595
336,2022-01-10 12:59:40+00:00,c8196a,-37.44401550292969,145.12594669423206,150.73560352223694,-8.128,TFR22,8775.0,7215.0,987647.3549626169,-4254770.250527109
337,2022-01-10 12:59:50+00:00,c8196a,-37.443873518604335,145.10879516601562,150.2255758661425,-8.45312,TFR22,8500.0,7215.0,986130.1864117655,-4254619.794006595
338,2022-01-10 13:00:00+00:00,c8196a,-37.44371562893107,145.09177512310922,149.71426337492122,-8.45312,TFR22,8212.5,7215.0,984624.7932024763,-4254468.808303699
339,2022-01-10 13:00:10+00:00,c8196a,-37.44355773925781,145.0747550802028,149.20295088369994,-8.45312,TFR22,7925.0,7215.0,983119.3771831014,-4254318.02628192
340,2022-01-10 13:00:20+00:00,c8196a,-37.44364075741527,145.0579833984375,148.69656537323334,-8.77824,TFR22,7650.0,7215.0,981633.5688003681,-4254196.140513795
341,2022-01-10 13:00:30+00:00,c8196a,-37.44364075741527,145.04138448963994,148.18219861638167,-8.77824,TFR22,7400.0,7215.0,980163.8553532782,-4254066.581460429
342,2022-01-10 13:00:40+00:00,c8196a,-37.44364075741527,145.024030969498,147.16335803268814,-6.827520000000001,TFR22,7125.0,7215.0,978627.3082407888,-4253931.340019935
343,2022-01-10 13:00:50+00:00,c8196a,-37.44364075741527,145.00824638034987,144.57340935066128,-7.152640000000001,TFR22,6975.0,7215.0,977229.6640784612,-4253808.510022653
344,2022-01-10 13:01:00+00:00,c8196a,-37.44364075741527,144.9924833878227,142.5093451484441,-7.152640000000001,TFR22,6750.0,7215.0,975833.9168007275,-4253686.023270581
345,2022-01-10 13:01:10+00:00,c8196a,-37.44364075741527,144.97552749958444,141.51792486196817,-7.152640000000001,TFR22,6525.0,7215.0,974332.526441875,-4253554.462535309
346,2022-01-10 13:01:20+00:00,c8196a,-37.44364075741527,144.96004145196144,140.477127289555,-7.152640000000001,TFR22,6300.0,7215.0,972961.2703300552,-4253434.48328657
347,2022-01-10 13:01:30+00:00,c8196a,-37.44364075741527,144.944613842254,138.60041752630363,-7.152640000000001,TFR22,6100.0,7215.0,971595.1740788652,-4253315.1248106565
348,2022-01-10 13:01:40+00:00,c8196a,-37.44364075741527,144.92871491805366,137.5336953703976,-7.152640000000001,TFR22,5875.0,7215.0,970187.3281772587,-4253192.2953939475
349,2022-01-10 13:01:50+00:00,c8196a,-37.44598388671875,144.91352487117686,136.61563860674585,-7.152640000000001,TFR22,5650.0,7215.0,968819.5828584289,-4253335.338765098
350,2022-01-10 13:02:00+00:00,c8196a,-37.44815632448359,144.89820397418478,136.25095714663388,-7.477760000000001,TFR22,5425.0,7215.0,967441.947729083,-4253458.5874402365
351,2022-01-10 13:02:10+00:00,c8196a,-37.4501953125,144.8830787171709,135.74402124437748,-7.477760000000001,TFR22,5175.0,7215.0,966082.9670174689,-4253568.690764894
352,2022-01-10 13:02:20+00:00,c8196a,-37.45234602588721,144.86787215523097,135.32615408088634,-7.152640000000001,TFR22,4975.0,7215.0,964715.7516279884,-4253690.746518853
353,2022-01-10 13:02:30+00:00,c8196a,-37.4543943243512,144.85348245371944,134.3132400958872,-7.477760000000001,TFR22,4750.0,7215.0,963421.8937579688,-4253807.858850231
354,2022-01-10 13:02:40+00:00,c8196a,-37.45648917505298,144.83849566915762,133.12176643800854,-7.477760000000001,TFR22,4500.0,7215.0,962074.7597866743,-4253925.72273581
355,2022-01-10 13:02:50+00:00,c8196a,-37.45942196603551,144.8241656759511,129.16540458161944,-7.477760000000001,TFR22,4275.0,7215.0,960777.7857459885,-4254141.845248734
356,2022-01-10 13:03:00+00:00,c8196a,-37.46593927932997,144.8142540973166,123.3303715811046,-7.477760000000001,TFR22,4050.0,7215.0,959837.7365738648,-4254790.017229549
357,2022-01-10 13:03:10+00:00,c8196a,-37.47492386122883,144.8142540973166,118.67610949441556,-7.477760000000001,TFR22,3800.0,7215.0,959751.6447424038,-4255788.0102047715
358,2022-01-10 13:03:20+00:00,c8196a,-37.48525845802436,144.8142540973166,115.25382753554916,-7.152640000000001,TFR22,3600.0,7215.0,959652.6134756497,-4256935.999588557
359,2022-01-10 13:03:30+00:00,c8196a,-37.49582581600902,144.8142540973166,114.012907976566,-7.477760000000001,TFR22,3350.0,7215.0,959551.3480573153,-4258109.887684742
360,2022-01-10 13:03:40+00:00,c8196a,-37.505950927734375,144.8142540973166,111.55371475035628,-6.827520000000001,TFR22,3125.0,7215.0,959454.3170889203,-4259234.689227396
361,2022-01-10 13:03:50+00:00,c8196a,-37.51515197753906,144.8142540973166,107.40920542158624,-6.502400000000001,TFR22,2900.0,7215.0,959366.1385913066,-4260256.871235733
362,2022-01-10 13:04:00+00:00,c8196a,-37.52478130793168,144.8142540973166,103.1007897605418,-5.20192,TFR22,2725.0,7215.0,959273.8525943231,-4261326.668162318
363,2022-01-10 13:04:10+00:00,c8196a,-37.533782958984375,144.8142540973166,97.85936534275174,-4.22656,TFR22,2575.0,7215.0,959187.5793438168,-4262326.7641818095
364,2022-01-10 13:04:20+00:00,c8196a,-37.54158666578394,144.8142540973166,92.03372966199773,-4.55168,TFR22,2450.0,7215.0,959112.7851626561,-4263193.792634092
365,2022-01-10 13:04:30+00:00,c8196a,-37.54982641187769,144.81574680494225,86.28561735801601,-4.8768,TFR22,2300.0,7215.0,959165.8594408634,-4264120.685110704
366,2022-01-10 13:04:40+00:00,c8196a,-37.557135113215054,144.81712009595788,80.61191385772543,-4.8768,TFR22,2150.0,7215.0,959217.2729611696,-4264943.241954581
367,2022-01-10 13:04:50+00:00,c8196a,-37.56407139664992,144.81837397036347,75.88179789720294,-4.8768,TFR22,2000.0,7215.0,959261.6754936263,-4265723.526924731
368,2022-01-10 13:05:00+00:00,c8196a,-37.57077026367188,144.8196735787899,71.3020126343048,-3.90144,TFR22,1875.0,7215.0,959312.382741005,-4266477.798632817
369,2022-01-10 13:05:10+00:00,c8196a,-37.576904296875,144.82084233710108,69.69909368435444,-3.2512000000000003,TFR22,1775.0,7215.0,959356.9184379972,-4267168.324798545
370,2022-01-10 13:05:20+00:00,c8196a,-37.58317565917969,144.82201109541225,69.62501136720994,-3.2512000000000003,TFR22,1650.0,7215.0,959400.1227180647,-4267874.125932026
371,2022-01-10 13:05:30+00:00,c8196a,-37.58958435058594,144.82317985372342,70.20794269637874,-4.22656,TFR22,1525.0,7215.0,959441.9950662778,-4268595.203024335
372,2022-01-10 13:05:40+00:00,c8196a,-37.59582002284162,144.82428509256115,70.13439787380865,-4.22656,TFR22,1400.0,7215.0,959479.8963398432,-4269296.584100782
373,2022-01-10 13:05:50+00:00,c8196a,-37.601898193359375,144.82540049451464,70.20794269637874,-3.90144,TFR22,1300.0,7215.0,959520.1940755498,-4269980.5548932105
374,2022-01-10 13:06:00+00:00,c8196a,-37.601898193359375,144.82540049451464,70.20794269637874,-3.5763200000000004,TFR22,1175.0,7215.0,959520.1940755498,-4269980.5548932105
375,2022-01-10 13:06:10+00:00,c8196a,-37.601898193359375,144.82540049451464,71.22588186823653,-3.5763200000000004,TFR22,1050.0,7215.0,959520.1940755498,-4269980.5548932105
376,2022-01-10 13:06:20+00:00,c8196a,-37.601898193359375,144.82540049451464,71.3020126343048,-3.5763200000000004,TFR22,925.0,7215.0,959520.1940755498,-4269980.5548932105
377,2022-01-10 13:06:30+00:00,c8196a,-37.601898193359375,144.82540049451464,71.3020126343048,-3.5763200000000004,TFR22,800.0,7215.0,959520.1940755498,-4269980.5548932105
378,2022-01-10 13:06:40+00:00,c8196a,-37.601898193359375,144.82540049451464,71.3020126343048,-3.90144,TFR22,700.0,7215.0,959520.1940755498,-4269980.5548932105
379,2022-01-10 13:06:50+00:00,c8196a,-37.601898193359375,144.82540049451464,72.31919010183697,-3.90144,TFR22,575.0,7215.0,959520.1940755498,-4269980.5548932105
380,2022-01-10 13:07:00+00:00,c8196a,-37.601898193359375,144.82540049451464,72.31919010183697,-3.90144,TFR22,475.0,7215.0,959520.1940755498,-4269980.5548932105
381,2022-01-10 13:07:10+00:00,c8196a,-37.601898193359375,144.82540049451464,72.31919010183697,-3.5763200000000004,TFR22,375.0,7215.0,959520.1940755498,-4269980.5548932105
