,timestamp,icao24,latitude,longitude,groundspeed,vertical_rate,callsign,altitude,squawk,x,y
0,2021-12-06 05:11:20+00:00,7c7a3e,-33.928807145458165,151.19138133769133,81.28377997103874,8.77824,VOZ858,1375.0,3727.0,1576459.1457176006,-3929264.166035134
1,2021-12-06 05:11:30+00:00,7c7a3e,-33.928807145458165,151.19945292570154,86.94560195110908,8.77824,VOZ858,1625.0,3727.0,1577194.6887709664,-3929365.4421596723
2,2021-12-06 05:11:40+00:00,7c7a3e,-33.928807145458165,151.20895385742188,93.20527104938432,8.77824,VOZ858,1900.0,3727.0,1578060.4759033034,-3929484.713129408
3,2021-12-06 05:11:50+00:00,7c7a3e,-33.933013916015625,151.21851084183675,95.9200117384951,6.827520000000001,VOZ858,2325.0,3727.0,1578867.9558571083,-3930064.6300008865
4,2021-12-06 05:12:00+00:00,7c7a3e,-33.93745422363281,151.22736716757015,99.61235377299369,6.827520000000001,VOZ858,2625.0,3727.0,1579607.9924798037,-3930661.3308398486
5,2021-12-06 05:12:10+00:00,7c7a3e,-33.94091072729077,151.2367057800293,105.48987510614715,6.827520000000001,VOZ858,2800.0,3727.0,1580406.7384148398,-3931156.6010001027
6,2021-12-06 05:12:20+00:00,7c7a3e,-33.941802978515625,151.24889140226404,111.19609180737388,9.7536,VOZ858,3050.0,3727.0,1581503.5245675454,-3931407.436140373
7,2021-12-06 05:12:30+00:00,7c7a3e,-33.9406779661017,151.26188278198242,114.30616912679876,9.7536,VOZ858,3450.0,3727.0,1582704.1702463147,-3931448.0053845877
8,2021-12-06 05:12:40+00:00,7c7a3e,-33.94001770019531,151.27344248246175,122.6201852025333,5.8521600000000005,VOZ858,3625.0,3727.0,1583767.3566323945,-3931521.4604974375
9,2021-12-06 05:12:50+00:00,7c7a3e,-33.93955993652344,151.2861664441167,130.25596109691037,5.8521600000000005,VOZ858,3775.0,3727.0,1584933.5536500632,-3931631.8332856987
10,2021-12-06 05:13:00+00:00,7c7a3e,-33.939056396484375,151.3033185686384,141.05150140260093,5.52704,VOZ858,3975.0,3727.0,1586503.8784642096,-3931793.216142677
11,2021-12-06 05:13:10+00:00,7c7a3e,-33.93858311539992,151.31893157958984,148.28842722765646,5.52704,VOZ858,4150.0,3727.0,1587933.506768709,-3931938.6734620947
12,2021-12-06 05:13:20+00:00,7c7a3e,-33.93802448854609,151.3355827331543,156.01993309404736,5.52704,VOZ858,4325.0,3727.0,1589458.9988182867,-3932088.1103221285
13,2021-12-06 05:13:30+00:00,7c7a3e,-33.93732620497883,151.3540077209473,162.20983028574517,5.8521600000000005,VOZ858,4600.0,3727.0,1591148.2041165093,-3932244.9432402737
14,2021-12-06 05:13:40+00:00,7c7a3e,-33.93667447364936,151.3707160949707,165.3167214783737,5.8521600000000005,VOZ858,4800.0,3727.0,1592680.3011756104,-3932385.3573237006
15,2021-12-06 05:13:50+00:00,7c7a3e,-33.935943603515625,151.38812629544006,166.3953988394813,3.2512000000000003,VOZ858,4925.0,3727.0,1594277.5311874452,-3932526.229992522
16,2021-12-06 05:14:00+00:00,7c7a3e,-33.935091697563564,151.40705108642578,167.45053420138754,3.2512000000000003,VOZ858,5000.0,3727.0,1596014.5770953211,-3932673.331150277
17,2021-12-06 05:14:10+00:00,7c7a3e,-33.934295654296875,151.42467265226404,168.99152613313927,6.827520000000001,VOZ858,5175.0,3727.0,1597632.0395363397,-3932810.2332368386
18,2021-12-06 05:14:20+00:00,7c7a3e,-33.933462369239976,151.44275665283203,169.53408161613956,12.67968,VOZ858,5525.0,3727.0,1599292.1906407862,-3932949.178630957
19,2021-12-06 05:14:30+00:00,7c7a3e,-33.93255615234375,151.46217190489477,172.10208684096108,12.02944,VOZ858,5950.0,3727.0,1601074.7229906733,-3933097.354002783
20,2021-12-06 05:14:40+00:00,7c7a3e,-33.9320068359375,151.4802208725287,174.41548414251145,12.67968,VOZ858,6375.0,3727.0,1602727.3237730612,-3933267.3861742276
21,2021-12-06 05:14:50+00:00,7c7a3e,-33.94160901085809,151.4992227359694,175.55283723963908,12.67968,VOZ858,6875.0,3727.0,1604311.2249539893,-3934559.234110425
22,2021-12-06 05:15:00+00:00,7c7a3e,-33.94160901085809,151.51113510131836,177.21457117410927,10.72896,VOZ858,7350.0,3727.0,1605396.2638383934,-3934711.358037195
23,2021-12-06 05:15:10+00:00,7c7a3e,-33.951571189751064,151.51113510131836,178.84089070727927,10.40384,VOZ858,7750.0,3727.0,1605243.5693266115,-3935800.0913930386
24,2021-12-06 05:15:20+00:00,7c7a3e,-33.966561010328405,151.51113510131836,180.3733396529983,11.3792,VOZ858,8200.0,3727.0,1605013.8074072606,-3937438.3262096033
25,2021-12-06 05:15:30+00:00,7c7a3e,-33.98213195800781,151.51113510131836,179.79505009439458,11.3792,VOZ858,8650.0,3727.0,1604775.1296046851,-3939140.132528184
26,2021-12-06 05:15:40+00:00,7c7a3e,-33.99779756190412,151.51113510131836,179.79505009439458,12.02944,VOZ858,9075.0,3727.0,1604534.992168018,-3940852.3462432344
27,2021-12-06 05:15:50+00:00,7c7a3e,-34.014044292902554,151.51113510131836,179.79505009439458,12.02944,VOZ858,9550.0,3727.0,1604285.9374118475,-3942628.141701168
28,2021-12-06 05:16:00+00:00,7c7a3e,-34.02889445676641,151.51113510131836,179.72438172392972,10.40384,VOZ858,9950.0,3727.0,1604058.2831213665,-3944251.348827311
29,2021-12-06 05:16:10+00:00,7c7a3e,-34.041510113215054,151.51113510131836,179.78842611465186,10.40384,VOZ858,10300.0,3727.0,1603864.8778166901,-3945630.355865224
30,2021-12-06 05:16:20+00:00,7c7a3e,-34.052263680150986,151.51113510131836,179.78842611465186,13.98016,VOZ858,10750.0,3727.0,1603700.0149117678,-3946805.851576465
31,2021-12-06 05:16:30+00:00,7c7a3e,-34.06292724609375,151.49625194316008,179.78842611465186,15.60576,VOZ858,11250.0,3727.0,1602182.4620500335,-3947781.712820459
32,2021-12-06 05:16:40+00:00,7c7a3e,-34.07339839612024,151.4816665649414,180.1773554184781,15.60576,VOZ858,11750.0,3727.0,1600695.193762669,-3948740.5597305726
33,2021-12-06 05:16:50+00:00,7c7a3e,-34.08430480957031,151.46643190967794,180.56691267136347,13.98016,VOZ858,12225.0,3727.0,1599142.4473535018,-3949738.9500290956
34,2021-12-06 05:17:00+00:00,7c7a3e,-34.09462621656519,151.45196914672852,182.0732077440404,14.305280000000002,VOZ858,12650.0,3727.0,1597669.1108348717,-3950683.4324917924
35,2021-12-06 05:17:10+00:00,7c7a3e,-34.10563659667969,151.43649977080676,182.79853830745063,13.98016,VOZ858,13125.0,3727.0,1596093.9383166512,-3951690.674882956
36,2021-12-06 05:17:20+00:00,7c7a3e,-34.1162109375,151.4216458067602,184.640251245608,13.0048,VOZ858,13550.0,3727.0,1594581.6520487845,-3952658.294693704
37,2021-12-06 05:17:30+00:00,7c7a3e,-34.12698002184851,151.40642166137695,187.2074368537073,12.35456,VOZ858,13950.0,3727.0,1593032.9822884242,-3953642.743008066
38,2021-12-06 05:17:40+00:00,7c7a3e,-34.13786315917969,151.39104103555485,188.65791483358169,13.0048,VOZ858,14375.0,3727.0,1591468.6051184754,-3954637.9189231223
39,2021-12-06 05:17:50+00:00,7c7a3e,-34.149231991525426,151.37489318847656,190.8920004953238,12.35456,VOZ858,14800.0,3727.0,1589827.3464696526,-3955676.744376826
40,2021-12-06 05:18:00+00:00,7c7a3e,-34.16045108083955,151.3589859008789,192.73464407191813,12.67968,VOZ858,15225.0,3727.0,1588210.5220075054,-3956702.500744915
41,2021-12-06 05:18:10+00:00,7c7a3e,-34.17176327462926,151.3430213928223,194.5176643262632,12.67968,VOZ858,15650.0,3727.0,1586587.3625458186,-3957737.9760545357
42,2021-12-06 05:18:20+00:00,7c7a3e,-34.182861328125,151.32736517458545,196.35997947347585,13.65504,VOZ858,16050.0,3727.0,1584995.7583514138,-3958754.180463702
43,2021-12-06 05:18:30+00:00,7c7a3e,-34.19453430175781,151.31077357700894,196.7524689085505,15.280640000000002,VOZ858,16550.0,3727.0,1583310.6985209563,-3959821.7328867423
44,2021-12-06 05:18:40+00:00,7c7a3e,-34.20625305175781,151.2941819794324,197.08510109349325,15.280640000000002,VOZ858,17050.0,3727.0,1581625.249849623,-3960894.5737732295
45,2021-12-06 05:18:50+00:00,7c7a3e,-34.21761722887976,151.27801895141602,197.47748950469523,14.305280000000002,VOZ858,17525.0,3727.0,1579984.4163833098,-3961934.299764498
46,2021-12-06 05:19:00+00:00,7c7a3e,-34.22934839280987,151.2612533569336,198.5953743409487,13.98016,VOZ858,17975.0,3727.0,1578283.5739866595,-3963006.8696869477
47,2021-12-06 05:19:10+00:00,7c7a3e,-34.2408933477887,151.2447166442871,199.71362768839143,12.35456,VOZ858,18375.0,3727.0,1576606.647898359,-3964062.2274475475
48,2021-12-06 05:19:20+00:00,7c7a3e,-34.25221252441406,151.22848822146045,201.88830268395003,12.35456,VOZ858,18750.0,3727.0,1574961.4354195066,-3965097.027359705
49,2021-12-06 05:19:30+00:00,7c7a3e,-34.264251708984375,151.21133609693877,203.3381803727184,12.35456,VOZ858,19150.0,3727.0,1573221.7515911341,-3966199.3041496156
50,2021-12-06 05:19:40+00:00,7c7a3e,-34.27599373510327,151.1945915222168,204.7881316776835,12.35456,VOZ858,19500.0,3727.0,1571523.884828448,-3967274.4656289537
51,2021-12-06 05:19:50+00:00,7c7a3e,-34.28759765625,151.1780407963967,206.238155046176,11.70432,VOZ858,19925.0,3727.0,1569846.0106873328,-3968337.224070016
52,2021-12-06 05:20:00+00:00,7c7a3e,-34.29996813757947,151.16043090820312,207.35603376789183,11.70432,VOZ858,20300.0,3727.0,1568060.7326848207,-3969470.9233225137
53,2021-12-06 05:20:10+00:00,7c7a3e,-34.31160619703394,151.14389419555664,208.08099248107183,12.02944,VOZ858,20675.0,3727.0,1566384.2424333256,-3970538.169330952
54,2021-12-06 05:20:20+00:00,7c7a3e,-34.32398909229346,151.12627029418945,209.13841197799505,12.02944,VOZ858,21050.0,3727.0,1564598.1712959756,-3971673.6670637536
55,2021-12-06 05:20:30+00:00,7c7a3e,-34.33607482910156,151.10909598214286,209.13841197799505,13.0048,VOZ858,21450.0,3727.0,1562857.7130328575,-3972782.5532698072
56,2021-12-06 05:20:40+00:00,7c7a3e,-34.34825134277344,151.09177569953764,209.5309634573636,11.3792,VOZ858,21850.0,3727.0,1561102.972036807,-3973899.8625383885
57,2021-12-06 05:20:50+00:00,7c7a3e,-34.360931396484375,151.07361462651468,210.3176434076152,11.3792,VOZ858,22225.0,3727.0,1559264.716205198,-3975062.1569837956
58,2021-12-06 05:21:00+00:00,7c7a3e,-34.3729248046875,151.05640644929846,211.0424608048241,11.3792,VOZ858,22600.0,3727.0,1557523.5655632527,-3976161.441890614
59,2021-12-06 05:21:10+00:00,7c7a3e,-34.38569641113281,151.03813327088648,212.0988414705899,11.05408,VOZ858,22975.0,3727.0,1555674.4756654925,-3977333.0242075804
60,2021-12-06 05:21:20+00:00,7c7a3e,-34.397727836996864,151.0210418701172,213.5487964946456,9.7536,VOZ858,23300.0,3727.0,1553944.0245441038,-3978438.5365061006
61,2021-12-06 05:21:30+00:00,7c7a3e,-34.4102783203125,151.00315638950894,214.27379999817748,10.72896,VOZ858,23650.0,3727.0,1552134.1174954267,-3979591.360296505
62,2021-12-06 05:21:40+00:00,7c7a3e,-34.42295837402344,150.98499531648596,214.9988205956556,9.7536,VOZ858,23975.0,3727.0,1550297.6341684244,-3980755.29559642
63,2021-12-06 05:21:50+00:00,7c7a3e,-34.43499755859375,150.96778713926977,215.7851899987972,9.42848,VOZ858,24275.0,3727.0,1548557.4808856375,-3981861.146245762
64,2021-12-06 05:22:00+00:00,7c7a3e,-34.44776916503906,150.94945790816328,216.84165493127665,9.7536,VOZ858,24600.0,3727.0,1546705.0926824869,-3983033.690254903
65,2021-12-06 05:22:10+00:00,7c7a3e,-34.46012878417969,150.93174525669644,217.23490571067893,8.77824,VOZ858,24875.0,3727.0,1544915.1060210401,-3984169.047119245
66,2021-12-06 05:22:20+00:00,7c7a3e,-34.47276306152344,150.913640236368,218.3534514253597,8.77824,VOZ858,25150.0,3727.0,1543085.8115805937,-3985329.979760209
67,2021-12-06 05:22:30+00:00,7c7a3e,-34.4852925963321,150.89555740356445,219.47232574039413,8.77824,VOZ858,25400.0,3727.0,1541260.4409832405,-3986480.0489306995
68,2021-12-06 05:22:40+00:00,7c7a3e,-34.4982806706833,150.87690353393555,220.1345489875392,8.45312,VOZ858,25675.0,3727.0,1539376.8711604464,-3987673.668820344
69,2021-12-06 05:22:50+00:00,7c7a3e,-34.510711669921875,150.8591009646046,220.85950292877047,8.128,VOZ858,25950.0,3727.0,1537579.0904869982,-3988817.0510703754
70,2021-12-06 05:23:00+00:00,7c7a3e,-34.524078369140625,150.83993094308036,221.64657203278952,7.477760000000001,VOZ858,26200.0,3727.0,1535643.8917019288,-3990046.5225907257
71,2021-12-06 05:23:10+00:00,7c7a3e,-34.536895751953125,150.8213775011958,222.7655385916616,7.80288,VOZ858,26450.0,3727.0,1533773.0819873956,-3991223.7295401776
72,2021-12-06 05:23:20+00:00,7c7a3e,-34.54985046386719,150.8027680066167,223.7979223853251,7.152640000000001,VOZ858,26700.0,3727.0,1531895.544267485,-3992415.6440928034
73,2021-12-06 05:23:30+00:00,7c7a3e,-34.56211853027344,150.78415851203764,223.7979223853251,7.477760000000001,VOZ858,26950.0,3727.0,1530028.4922185794,-3993532.698593264
74,2021-12-06 05:23:40+00:00,7c7a3e,-34.57402038574219,150.76448401626277,223.7979223853251,7.477760000000001,VOZ858,27225.0,3727.0,1528070.685178057,-3994597.0323864906
75,2021-12-06 05:23:50+00:00,7c7a3e,-34.58626440015894,150.74420928955078,224.51694137921007,8.128,VOZ858,27475.0,3727.0,1526053.839152505,-3995691.9328015214
76,2021-12-06 05:24:00+00:00,7c7a3e,-34.597869873046875,150.7250789720185,225.2360150577164,7.152640000000001,VOZ858,27725.0,3727.0,1524150.4184731746,-3996731.153875622
77,2021-12-06 05:24:10+00:00,7c7a3e,-34.61023880263508,150.70466995239258,225.6509957608851,7.80288,VOZ858,27975.0,3727.0,1522120.3321033495,-3997838.882742955
78,2021-12-06 05:24:20+00:00,7c7a3e,-34.62224927999205,150.68475723266602,226.482181686004,6.827520000000001,VOZ858,28200.0,3727.0,1520140.836604284,-3998913.7427637326
79,2021-12-06 05:24:30+00:00,7c7a3e,-34.634026996159946,150.66524505615234,226.7852141030665,6.827520000000001,VOZ858,28450.0,3727.0,1518201.3918104463,-3999968.319500081
80,2021-12-06 05:24:40+00:00,7c7a3e,-34.64588928222656,150.64542809311226,227.2008597262512,6.827520000000001,VOZ858,28700.0,3727.0,1516233.4708645712,-4001028.8521016086
81,2021-12-06 05:24:50+00:00,7c7a3e,-34.658203125,150.62502491230867,226.89838242223345,7.152640000000001,VOZ858,28925.0,3727.0,1514206.2514368657,-4002132.180111885
82,2021-12-06 05:25:00+00:00,7c7a3e,-34.66991877151747,150.60556411743164,226.89838242223345,9.42848,VOZ858,29200.0,3727.0,1512273.4602508128,-4003181.6941580116
83,2021-12-06 05:25:10+00:00,7c7a3e,-34.682162010063564,150.58513641357422,226.89838242223345,9.7536,VOZ858,29525.0,3727.0,1510245.814500105,-4004277.7721761977
84,2021-12-06 05:25:20+00:00,7c7a3e,-34.69427490234375,150.5649924764828,226.06638538698408,9.7536,VOZ858,29850.0,3727.0,1508246.1406822188,-4005363.370544149
85,2021-12-06 05:25:30+00:00,7c7a3e,-34.706089860301915,150.5453109741211,225.3476125425244,9.10336,VOZ858,30150.0,3727.0,1506293.0290803646,-4006422.246656545
86,2021-12-06 05:25:40+00:00,7c7a3e,-34.71805378542109,150.52545547485352,225.3476125425244,8.77824,VOZ858,30450.0,3727.0,1504322.3737071026,-4007495.7400704664
87,2021-12-06 05:25:50+00:00,7c7a3e,-34.73030090332031,150.50507214604593,224.62889610602525,8.45312,VOZ858,30725.0,3727.0,1502300.2224052527,-4008594.344804032
88,2021-12-06 05:26:00+00:00,7c7a3e,-34.74192810058594,150.4856779137436,224.32649011444173,8.45312,VOZ858,31000.0,3727.0,1500376.9286927544,-4009637.200595289
89,2021-12-06 05:26:10+00:00,7c7a3e,-34.7537841796875,150.4658913125797,224.32649011444173,7.80288,VOZ858,31275.0,3727.0,1498415.1795629188,-4010700.8303556605
90,2021-12-06 05:26:20+00:00,7c7a3e,-34.76572327694652,150.44591903686523,224.32649011444173,7.80288,VOZ858,31525.0,3727.0,1496435.8012008008,-4011771.7261615344
91,2021-12-06 05:26:30+00:00,7c7a3e,-34.77731478416314,150.42652130126953,224.44207734374447,7.80288,VOZ858,31775.0,3727.0,1494513.7800367374,-4012811.7277309783
92,2021-12-06 05:26:40+00:00,7c7a3e,-34.7889404296875,150.4068117725606,223.84226368399064,7.80288,VOZ858,32025.0,3727.0,1492563.4159508971,-4013852.1297360663
93,2021-12-06 05:26:50+00:00,7c7a3e,-34.80088806152344,150.38657674984057,223.84226368399064,7.477760000000001,VOZ858,32275.0,3727.0,1490561.2510257151,-4014921.974733185
94,2021-12-06 05:27:00+00:00,7c7a3e,-34.812652587890625,150.36667804328764,224.1417807865039,7.477760000000001,VOZ858,32525.0,3727.0,1488592.5094342374,-4015976.115666749
95,2021-12-06 05:27:10+00:00,7c7a3e,-34.82391357421875,150.34762012715242,224.1417807865039,7.477760000000001,VOZ858,32750.0,3727.0,1486707.3897673017,-4016985.3626827504
96,2021-12-06 05:27:20+00:00,7c7a3e,-34.83595275878906,150.3273851044324,224.0248572671708,7.477760000000001,VOZ858,33000.0,3727.0,1484705.0190865616,-4018066.390530225
97,2021-12-06 05:27:30+00:00,7c7a3e,-34.8478414244571,150.30733108520508,224.0248572671708,7.80288,VOZ858,33250.0,3727.0,1482721.5488306948,-4019133.437889161
98,2021-12-06 05:27:40+00:00,7c7a3e,-34.85929870605469,150.2881482182717,223.6080422749489,8.128,VOZ858,33500.0,3727.0,1480823.374218843,-4020163.8212529924
99,2021-12-06 05:27:50+00:00,7c7a3e,-34.871337890625,150.2680813536352,222.47309071098505,8.45312,VOZ858,36000.0,3727.0,1478837.3251380224,-4021247.9786775354
100,2021-12-06 05:28:00+00:00,7c7a3e,-34.88310241699219,150.24846291055485,222.0569384251078,8.45312,VOZ858,36000.0,3727.0,1476896.103265211,-4022307.6653086944
101,2021-12-06 05:28:10+00:00,7c7a3e,-34.895050048828125,150.2285081513074,221.33829794514185,8.128,VOZ858,36000.0,3727.0,1474922.238938721,-4023383.8592950436
102,2021-12-06 05:28:20+00:00,7c7a3e,-34.906494140625,150.2093941824777,220.6197157606028,7.152640000000001,VOZ858,36000.0,3727.0,1473031.8952729711,-4024415.0516734696
103,2021-12-06 05:28:30+00:00,7c7a3e,-34.91835021972656,150.18955152861926,219.90119244297543,7.477760000000001,VOZ858,36000.0,3727.0,1471070.1937910034,-4025483.261088101
104,2021-12-06 05:28:40+00:00,7c7a3e,-34.929931640625,150.17010124362244,219.5995069908978,6.502400000000001,VOZ858,36000.0,3727.0,1469148.2118083818,-4026526.301420955
105,2021-12-06 05:28:50+00:00,7c7a3e,-34.94151306152344,150.15070701132015,219.18272857119103,6.1772800000000005,VOZ858,36000.0,3727.0,1467231.6470315116,-4027570.3578668847
106,2021-12-06 05:29:00+00:00,7c7a3e,-34.95263671875,150.13209751674108,219.18272857119103,6.1772800000000005,VOZ858,36000.0,3727.0,1465392.8086079939,-4028573.6979932766
107,2021-12-06 05:29:10+00:00,7c7a3e,-34.96440124511719,150.11231091557718,219.29861333056013,5.20192,VOZ858,36000.0,3727.0,1463438.9017111785,-4029633.9822311774
108,2021-12-06 05:29:20+00:00,7c7a3e,-34.97593688964844,150.09291668327486,219.29861333056013,4.55168,VOZ858,36000.0,3727.0,1461524.0327898231,-4030674.0878027845
109,2021-12-06 05:29:30+00:00,7c7a3e,-34.98735848119702,150.0736427307129,219.5995069908978,2.92608,VOZ858,36000.0,3727.0,1459621.98715485,-4031703.4337938786
110,2021-12-06 05:29:40+00:00,7c7a3e,-34.99918274960277,150.05361557006836,221.5701409426756,0.0,VOZ858,36000.0,3727.0,1457646.5926237185,-4032768.588829923
111,2021-12-06 05:29:50+00:00,7c7a3e,-35.01082080905724,150.03381729125977,223.4239235229165,0.0,VOZ858,36000.0,3727.0,1455694.8580857979,-4033816.34090601
112,2021-12-06 05:30:00+00:00,7c7a3e,-35.02236576403601,150.0142478942871,224.8597002498064,0.0,VOZ858,36000.0,3727.0,1453765.4592132685,-4034856.894860718
113,2021-12-06 05:30:10+00:00,7c7a3e,-35.03434753417969,149.99398367745536,226.29572340757508,0.0,VOZ858,36000.0,3727.0,1451767.551774264,-4035937.7317978507
114,2021-12-06 05:30:20+00:00,7c7a3e,-35.04634016651221,149.9736785888672,226.29572340757508,0.0,VOZ858,36000.0,3727.0,1449766.1834415174,-4037019.6809046497
115,2021-12-06 05:30:30+00:00,7c7a3e,-35.05787658691406,149.9541862643495,226.29572340757508,0.0,VOZ858,36000.0,3727.0,1447844.9507841398,-4038061.306934515
116,2021-12-06 05:30:40+00:00,7c7a3e,-35.06989559884801,149.93391036987305,226.29572340757508,0.0,VOZ858,36000.0,3727.0,1445846.5976326698,-4039147.2577375593
117,2021-12-06 05:30:50+00:00,7c7a3e,-35.08199918068061,149.91342544555664,226.29572340757508,0.0,VOZ858,36000.0,3727.0,1443828.5813267892,-4040240.4834722336
118,2021-12-06 05:31:00+00:00,7c7a3e,-35.09376525878906,149.8934811961894,226.29572340757508,0.0,VOZ858,36000.0,3727.0,1441864.4540679925,-4041303.2577998945
119,2021-12-06 05:31:10+00:00,7c7a3e,-35.10566711425781,149.87341433155294,226.29572340757508,0.0,VOZ858,36000.0,3727.0,1439887.7389442665,-4042379.9136001747
120,2021-12-06 05:31:20+00:00,7c7a3e,-35.117523193359375,149.85329141422193,225.99554781855983,0.0,VOZ858,36000.0,3727.0,1437906.9795224317,-4043451.2858087015
121,2021-12-06 05:31:30+00:00,7c7a3e,-35.12937927246094,149.83316849689095,225.99554781855983,0.0,VOZ858,36000.0,3727.0,1435926.5948478056,-4044523.0432652067
122,2021-12-06 05:31:40+00:00,7c7a3e,-35.1413532838983,149.8128318786621,225.99554781855983,0.0,VOZ858,36000.0,3727.0,1433925.6705405454,-4045605.697996719
123,2021-12-06 05:31:50+00:00,7c7a3e,-35.153045654296875,149.79286660953443,225.99554781855983,0.0,VOZ858,36000.0,3727.0,1431962.5295192797,-4046662.048040082
124,2021-12-06 05:32:00+00:00,7c7a3e,-35.16523458189886,149.77214813232422,225.39751984458977,0.0,VOZ858,36000.0,3727.0,1429924.946571151,-4047764.7398187323
125,2021-12-06 05:32:10+00:00,7c7a3e,-35.176666259765625,149.75262077487244,225.39751984458977,0.0,VOZ858,36000.0,3727.0,1428005.6509699095,-4048798.2052693754
126,2021-12-06 05:32:20+00:00,7c7a3e,-35.188385009765625,149.73244180484693,225.39751984458977,0.0,VOZ858,36000.0,3727.0,1426023.9832591005,-4049856.1689970763
127,2021-12-06 05:32:30+00:00,7c7a3e,-35.20024186473785,149.71206665039062,225.39751984458977,0.0,VOZ858,36000.0,3727.0,1424023.092478163,-4050927.4645364387
128,2021-12-06 05:32:40+00:00,7c7a3e,-35.21220578985702,149.69152450561523,225.39751984458977,0.0,VOZ858,36000.0,3727.0,1422006.050681724,-4052009.0248850966
129,2021-12-06 05:32:50+00:00,7c7a3e,-35.2236328125,149.67201700015943,225.39751984458977,0.0,VOZ858,36000.0,3727.0,1420090.0536394932,-4053043.6957263607
130,2021-12-06 05:33:00+00:00,7c7a3e,-35.235626220703125,149.65147018432617,225.39751984458977,0.0,VOZ858,36000.0,3727.0,1418072.9395986309,-4054129.2217435604
131,2021-12-06 05:33:10+00:00,7c7a3e,-35.247026863744736,149.63191904920214,225.39751984458977,0.0,VOZ858,36000.0,3727.0,1416154.0919382814,-4055161.243853411
132,2021-12-06 05:33:20+00:00,7c7a3e,-35.258880615234375,149.61158752441406,225.39751984458977,0.0,VOZ858,36000.0,3727.0,1414159.0514633243,-4056234.6290105884
133,2021-12-06 05:33:30+00:00,7c7a3e,-35.27064514160156,149.59144592285156,225.39751984458977,0.0,VOZ858,36000.0,3727.0,1412182.7264337174,-4057300.7361539574
134,2021-12-06 05:33:40+00:00,7c7a3e,-35.28218078613281,149.57170486450195,225.6961456036024,0.0,VOZ858,36000.0,3727.0,1410245.9957168524,-4058346.5726123555
135,2021-12-06 05:33:50+00:00,7c7a3e,-35.294219970703125,149.55116271972656,225.6961456036024,0.0,VOZ858,36000.0,3727.0,1408230.5693422866,-4059439.1338481274
136,2021-12-06 05:34:00+00:00,7c7a3e,-35.30610165353551,149.53082145528592,225.6961456036024,0.0,VOZ858,36000.0,3727.0,1406235.7783006488,-4060517.034824109
137,2021-12-06 05:34:10+00:00,7c7a3e,-35.31779479980469,149.51087951660156,225.6961456036024,0.0,VOZ858,36000.0,3727.0,1404279.9073764302,-4061579.0699743307
138,2021-12-06 05:34:20+00:00,7c7a3e,-35.32993639929822,149.49009022814164,225.6961456036024,0.0,VOZ858,36000.0,3727.0,1402241.9798876196,-4062681.3142939154
139,2021-12-06 05:34:30+00:00,7c7a3e,-35.34199342889303,149.46957851978058,225.6961456036024,0.0,VOZ858,36000.0,3727.0,1400230.598101823,-4063777.7656234233
140,2021-12-06 05:34:40+00:00,7c7a3e,-35.35284010030455,149.450995262633,225.6961456036024,0.0,VOZ858,36000.0,3727.0,1398409.700144344,-4064763.0360324685
141,2021-12-06 05:34:50+00:00,7c7a3e,-35.36508333885064,149.43001605094747,225.5195993676659,0.0,VOZ858,36000.0,3727.0,1396354.4397706771,-4065875.5218874617
142,2021-12-06 05:35:00+00:00,7c7a3e,-35.376708984375,149.4100570678711,225.5195993676659,0.0,VOZ858,36000.0,3727.0,1394399.8040876228,-4066931.853553061
143,2021-12-06 05:35:10+00:00,7c7a3e,-35.38865661621094,149.3894004821777,225.5195993676659,0.0,VOZ858,36000.0,3727.0,1392378.376658423,-4068016.229752658
144,2021-12-06 05:35:20+00:00,7c7a3e,-35.400230278403114,149.36935749459775,225.5195993676659,0.0,VOZ858,36000.0,3727.0,1390417.6244554534,-4069066.68332737
145,2021-12-06 05:35:30+00:00,7c7a3e,-35.4117286811441,149.34948860330786,225.9399159821988,0.0,VOZ858,36000.0,3727.0,1388473.9232639794,-4070111.1648052074
146,2021-12-06 05:35:40+00:00,7c7a3e,-35.423858642578125,149.32857513427734,226.2366559976853,0.0,VOZ858,36000.0,3727.0,1386428.059232161,-4071213.934598192
147,2021-12-06 05:35:50+00:00,7c7a3e,-35.43511962890625,149.30906295776367,226.95377931551167,0.0,VOZ858,36000.0,3727.0,1384520.394275879,-4072237.005235227
148,2021-12-06 05:36:00+00:00,7c7a3e,-35.44729459083686,149.28812879197142,226.95377931551167,0.0,VOZ858,36000.0,3727.0,1382472.8351034885,-4073345.293644701
149,2021-12-06 05:36:10+00:00,7c7a3e,-35.45878601074219,149.26837921142578,226.95377931551167,0.0,VOZ858,36000.0,3727.0,1380541.4357267236,-4074391.840913925
150,2021-12-06 05:36:20+00:00,7c7a3e,-35.47059631347656,149.24795150756836,227.6709686909808,0.0,VOZ858,36000.0,3727.0,1378545.111315889,-4075466.3867058624
151,2021-12-06 05:36:30+00:00,7c7a3e,-35.482534634864976,149.227294921875,227.6709686909808,0.0,VOZ858,36000.0,3727.0,1376526.8638045513,-4076552.898347933
152,2021-12-06 05:36:40+00:00,7c7a3e,-35.49459166445973,149.2064325860206,227.79415344136115,0.0,VOZ858,36000.0,3727.0,1374488.9111178059,-4077650.618082904
153,2021-12-06 05:36:50+00:00,7c7a3e,-35.506072998046875,149.18655395507812,228.090801733772,0.0,VOZ858,36000.0,3727.0,1372547.5175578115,-4078696.169818341
154,2021-12-06 05:37:00+00:00,7c7a3e,-35.51811218261719,149.16561126708984,228.090801733772,0.0,VOZ858,36000.0,3727.0,1370503.351883416,-4079791.851469156
155,2021-12-06 05:37:10+00:00,7c7a3e,-35.52996826171875,149.14512634277344,228.5110215978181,0.0,VOZ858,36000.0,3727.0,1368503.1859762836,-4080872.788278659
156,2021-12-06 05:37:20+00:00,7c7a3e,-35.54205322265625,149.12418365478516,228.5110215978181,0.0,VOZ858,36000.0,3727.0,1366459.199785612,-4081974.322353951
157,2021-12-06 05:37:30+00:00,7c7a3e,-35.553955078125,149.10364151000977,228.8078971329994,0.0,VOZ858,36000.0,3727.0,1364454.0563626841,-4083060.4738982636
158,2021-12-06 05:37:40+00:00,7c7a3e,-35.56544417041846,149.0836545254322,228.8078971329994,0.0,VOZ858,36000.0,3727.0,1362504.6824659533,-4084107.629656528
159,2021-12-06 05:37:50+00:00,7c7a3e,-35.57743835449219,149.0628433227539,229.227956959458,0.0,VOZ858,36000.0,3727.0,1360474.8912804213,-4085201.8116390454
160,2021-12-06 05:38:00+00:00,7c7a3e,-35.589232363943324,149.04245579496344,229.227956959458,0.0,VOZ858,36000.0,3727.0,1358486.222660696,-4086278.955289516
161,2021-12-06 05:38:10+00:00,7c7a3e,-35.60124206542969,149.02164459228516,229.227956959458,0.0,VOZ858,36000.0,3727.0,1356457.0078799669,-4087375.6519607687
162,2021-12-06 05:38:20+00:00,7c7a3e,-35.61367228879766,148.9999714303524,228.9316261530074,0.0,VOZ858,36000.0,3727.0,1354345.1817581719,-4088509.7430311195
163,2021-12-06 05:38:30+00:00,7c7a3e,-35.624725341796875,148.9807891845703,228.9316261530074,0.0,VOZ858,36000.0,3727.0,1352475.7467040154,-4089519.521756358
164,2021-12-06 05:38:40+00:00,7c7a3e,-35.637134616657875,148.95906488946144,228.9316261530074,0.0,VOZ858,36000.0,3727.0,1350360.405789192,-4090651.589892869
165,2021-12-06 05:38:50+00:00,7c7a3e,-35.64853991492322,148.9392544360871,229.0575991453067,0.0,VOZ858,36000.0,3727.0,1348430.6179344258,-4091694.1343313474
166,2021-12-06 05:39:00+00:00,7c7a3e,-35.660247802734375,148.91876220703125,229.0575991453067,0.0,VOZ858,36000.0,3727.0,1346435.9730512062,-4092763.0485249516
167,2021-12-06 05:39:10+00:00,7c7a3e,-35.6722412109375,148.89764785766602,229.0575991453067,0.0,VOZ858,36000.0,3727.0,1344382.086413214,-4093857.129517578
168,2021-12-06 05:39:20+00:00,7c7a3e,-35.68391961566476,148.87719336976397,229.0575991453067,0.0,VOZ858,36000.0,3727.0,1342391.9859787568,-4094924.000453106
169,2021-12-06 05:39:30+00:00,7c7a3e,-35.69627380371094,148.85541915893555,229.0575991453067,0.0,VOZ858,36000.0,3727.0,1340274.9153735377,-4096051.5823638686
170,2021-12-06 05:39:40+00:00,7c7a3e,-35.707855224609375,148.83516311645508,228.6360688071151,0.0,VOZ858,36000.0,3727.0,1338304.6786806404,-4097110.6986244796
171,2021-12-06 05:39:50+00:00,7c7a3e,-35.71966552734375,148.81450653076172,228.6360688071151,0.0,VOZ858,36000.0,3727.0,1336295.8664487938,-4098191.1398447854
172,2021-12-06 05:40:00+00:00,7c7a3e,-35.73158910719019,148.7936271505153,228.6360688071151,0.0,VOZ858,36000.0,3727.0,1334265.9638864757,-4099282.0879084906
173,2021-12-06 05:40:10+00:00,7c7a3e,-35.74341337559588,148.77294012840758,228.6360688071151,0.0,VOZ858,36000.0,3727.0,1332255.014022238,-4100364.548549252
174,2021-12-06 05:40:20+00:00,7c7a3e,-35.754725569385585,148.75312967503325,228.6360688071151,0.0,VOZ858,36000.0,3727.0,1330329.7803308193,-4101400.3018464358
175,2021-12-06 05:40:30+00:00,7c7a3e,-35.76667785644531,148.73228073120117,228.6360688071151,0.0,VOZ858,36000.0,3727.0,1328303.3957787442,-4102495.9337792266
176,2021-12-06 05:40:40+00:00,7c7a3e,-35.77888618081306,148.71099593791556,228.6360688071151,0.0,VOZ858,36000.0,3727.0,1326234.9766999187,-4103615.5705555496
177,2021-12-06 05:40:50+00:00,7c7a3e,-35.79057312011719,148.69056701660156,228.6360688071151,0.0,VOZ858,36000.0,3727.0,1324250.511233586,-4104687.2288333434
178,2021-12-06 05:41:00+00:00,7c7a3e,-35.80220885195973,148.6700893970246,228.3412879252056,0.0,VOZ858,36000.0,3727.0,1322262.7160720585,-4105753.125952575
179,2021-12-06 05:41:10+00:00,7c7a3e,-35.813753806938564,148.64986987824136,227.75406760507263,0.0,VOZ858,36000.0,3727.0,1320299.6247037228,-4106812.1281068916
180,2021-12-06 05:41:20+00:00,7c7a3e,-35.825438418630824,148.62918285613364,227.75406760507263,0.0,VOZ858,36000.0,3727.0,1318293.1662738137,-4107881.9922512383
181,2021-12-06 05:41:30+00:00,7c7a3e,-35.83740234375,148.60814520653258,227.75406760507263,0.0,VOZ858,36000.0,3727.0,1316252.0473620293,-4108979.3515009102
182,2021-12-06 05:41:40+00:00,7c7a3e,-35.84904040320447,148.58745818442486,227.75406760507263,0.0,VOZ858,36000.0,3727.0,1314246.9605895164,-4110044.893016441
183,2021-12-06 05:41:50+00:00,7c7a3e,-35.86061096191406,148.5670280456543,227.6250478901384,0.0,VOZ858,36000.0,3727.0,1312266.158546834,-4111106.0790504375
184,2021-12-06 05:42:00+00:00,7c7a3e,-35.87251281738281,148.54597091674805,227.6250478901384,0.0,VOZ858,36000.0,3727.0,1310225.26370679,-4112197.6182035343
185,2021-12-06 05:42:10+00:00,7c7a3e,-35.88377380371094,148.52617263793945,227.6250478901384,0.0,VOZ858,36000.0,3727.0,1308305.8373873834,-4113232.064336748
186,2021-12-06 05:42:20+00:00,7c7a3e,-35.89567565917969,148.5051727294922,227.2031893941285,0.0,VOZ858,36000.0,3727.0,1306270.844821408,-4114325.0011457903
187,2021-12-06 05:42:30+00:00,7c7a3e,-35.9073486328125,148.48451614379883,227.331284361115,0.0,VOZ858,36000.0,3727.0,1304269.9462425057,-4115396.6917043286
188,2021-12-06 05:42:40+00:00,7c7a3e,-35.91914807335809,148.46368667927194,227.03830640845328,0.0,VOZ858,36000.0,3727.0,1302252.322483654,-4116480.9251475977
189,2021-12-06 05:42:50+00:00,7c7a3e,-35.9307861328125,148.4430580950798,227.03830640845328,0.0,VOZ858,36000.0,3727.0,1300255.1465209036,-4117549.8569844635
190,2021-12-06 05:43:00+00:00,7c7a3e,-35.94232177734375,148.4226036071777,227.03830640845328,0.0,VOZ858,36000.0,3727.0,1298275.2552339698,-4118609.6967114755
191,2021-12-06 05:43:10+00:00,7c7a3e,-35.95378293829452,148.40209311627328,227.03830640845328,0.0,VOZ858,36000.0,3727.0,1296291.664722278,-4119661.139265713
192,2021-12-06 05:43:20+00:00,7c7a3e,-35.96588652012713,148.38058796334775,227.03830640845328,0.0,VOZ858,36000.0,3727.0,1294211.1826536108,-4120773.537514938
193,2021-12-06 05:43:30+00:00,7c7a3e,-35.977203369140625,148.36057662963867,227.331284361115,0.0,VOZ858,36000.0,3727.0,1292274.9054228908,-4121815.006282432
194,2021-12-06 05:43:40+00:00,7c7a3e,-35.988743668895665,148.3400904878657,227.331284361115,0.0,VOZ858,36000.0,3727.0,1290293.628091953,-4122876.605119638
195,2021-12-06 05:43:50+00:00,7c7a3e,-36.00096130371094,148.3183479309082,227.331284361115,0.0,VOZ858,36000.0,3727.0,1288191.633566739,-4124000.384407584
196,2021-12-06 05:44:00+00:00,7c7a3e,-36.01248531018274,148.2978398749169,227.4616342115756,0.0,VOZ858,36000.0,3727.0,1286209.372050616,-4125060.767814797
197,2021-12-06 05:44:10+00:00,7c7a3e,-36.02365784725902,148.277970983627,227.4616342115756,0.0,VOZ858,36000.0,3727.0,1284289.1519426669,-4126089.324035089
198,2021-12-06 05:44:20+00:00,7c7a3e,-36.035295906713486,148.25722552360372,227.75406760507263,0.0,VOZ858,36000.0,3727.0,1282284.936603202,-4127160.630312708
199,2021-12-06 05:44:30+00:00,7c7a3e,-36.04507187665519,148.2398110247673,227.75406760507263,0.0,VOZ858,36000.0,3727.0,1280602.7387222715,-4128060.9557476495
200,2021-12-06 05:44:40+00:00,7c7a3e,-36.05891418457031,148.2151222229004,227.75406760507263,0.0,VOZ858,36000.0,3727.0,1278218.5405505188,-4129335.9435167476
201,2021-12-06 05:44:50+00:00,7c7a3e,-36.070587158203125,148.19440841674805,227.75406760507263,0.0,VOZ858,36000.0,3727.0,1276217.8846464483,-4130412.632886166
202,2021-12-06 05:45:00+00:00,7c7a3e,-36.08221435546875,148.1736946105957,227.75406760507263,0.0,VOZ858,36000.0,3727.0,1274218.1850489909,-4131484.6732004946
203,2021-12-06 05:45:10+00:00,7c7a3e,-36.09371896517479,148.15314759599403,227.4616342115756,0.0,VOZ858,36000.0,3727.0,1272235.3270410716,-4132545.2808194626
204,2021-12-06 05:45:20+00:00,7c7a3e,-36.10512426344019,148.13286963929522,227.4616342115756,0.0,VOZ858,36000.0,3727.0,1270278.163111108,-4133598.046542919
205,2021-12-06 05:45:30+00:00,7c7a3e,-36.117095947265625,148.1114959716797,227.4616342115756,0.0,VOZ858,36000.0,3727.0,1268216.263546487,-4134702.6084300578
206,2021-12-06 05:45:40+00:00,7c7a3e,-36.12872314453125,148.09072494506836,227.4616342115756,0.0,VOZ858,36000.0,3727.0,1266212.976433181,-4135775.6674914486
207,2021-12-06 05:45:50+00:00,7c7a3e,-36.1399453373279,148.07057482130986,227.5942350711977,0.0,VOZ858,36000.0,3727.0,1264270.652610394,-4136810.69664778
208,2021-12-06 05:46:00+00:00,7c7a3e,-36.15153684454452,148.04977092337103,227.5942350711977,0.0,VOZ858,36000.0,3727.0,1262265.6226694393,-4137880.276635464
209,2021-12-06 05:46:10+00:00,7c7a3e,-36.16346740722656,148.0283546447754,227.5942350711977,0.0,VOZ858,36000.0,3727.0,1260202.0003501158,-4138981.522128524
210,2021-12-06 05:46:20+00:00,7c7a3e,-36.17490606792904,148.0076956241689,227.5942350711977,0.0,VOZ858,36000.0,3727.0,1258212.5959720155,-4140036.5027240478
211,2021-12-06 05:46:30+00:00,7c7a3e,-36.18663024902344,147.98669815063477,227.88533696760908,0.0,VOZ858,36000.0,3727.0,1256189.774885849,-4141119.9973864644
212,2021-12-06 05:46:40+00:00,7c7a3e,-36.19808908236229,147.96602939037567,228.3094125890108,0.0,VOZ858,36000.0,3727.0,1254200.0110016523,-4142177.902424642
213,2021-12-06 05:46:50+00:00,7c7a3e,-36.20979309082031,147.94492721557617,228.3094125890108,0.0,VOZ858,36000.0,3727.0,1252168.8515193858,-4143258.938059827
214,2021-12-06 05:47:00+00:00,7c7a3e,-36.22142028808594,147.9239845275879,228.3094125890108,0.0,VOZ858,36000.0,3727.0,1250153.2890358195,-4144333.495512355
215,2021-12-06 05:47:10+00:00,7c7a3e,-36.23304748535156,147.9030418395996,229.0246679428905,0.0,VOZ858,36000.0,3727.0,1248138.114376698,-4145408.4584849724
216,2021-12-06 05:47:20+00:00,7c7a3e,-36.24436200675319,147.88263848487367,229.8735896018493,0.0,VOZ858,36000.0,3727.0,1246175.371307023,-4146454.6665523923
217,2021-12-06 05:47:30+00:00,7c7a3e,-36.2564655885858,147.86072426653925,230.29860071084008,0.0,VOZ858,36000.0,3727.0,1244068.2934258508,-4147573.390954343
218,2021-12-06 05:47:40+00:00,7c7a3e,-36.26806640625,147.83981323242188,230.5885839912389,0.0,VOZ858,36000.0,3727.0,1242057.4406105918,-4148646.979319381
219,2021-12-06 05:47:50+00:00,7c7a3e,-36.27978515625,147.81869888305664,230.87934933652377,0.0,VOZ858,36000.0,3727.0,1240027.3662232035,-4149731.983263903
220,2021-12-06 05:48:00+00:00,7c7a3e,-36.29154968261719,147.79752731323242,230.87934933652377,0.0,VOZ858,36000.0,3727.0,1237992.0157833546,-4150821.88869207
221,2021-12-06 05:48:10+00:00,7c7a3e,-36.30292472192798,147.77704117145944,230.87934933652377,0.0,VOZ858,36000.0,3727.0,1236023.0424366954,-4151875.9522824483
222,2021-12-06 05:48:20+00:00,7c7a3e,-36.31470243809588,147.75588664602728,230.87934933652377,0.0,VOZ858,36000.0,3727.0,1233989.836335967,-4152968.2963875644
223,2021-12-06 05:48:30+00:00,7c7a3e,-36.32694567664197,147.73385555186172,231.303656582092,0.0,VOZ858,36000.0,3727.0,1231873.0765965271,-4154103.858641182
224,2021-12-06 05:48:40+00:00,7c7a3e,-36.33833312988281,147.71329879760742,231.303656582092,0.0,VOZ858,36000.0,3727.0,1229898.8014400273,-4155159.807250097
225,2021-12-06 05:48:50+00:00,7c7a3e,-36.349942482123936,147.69224775598406,231.728328979636,0.0,VOZ858,36000.0,3727.0,1227878.068954082,-4156235.818252305
226,2021-12-06 05:49:00+00:00,7c7a3e,-36.36218572067003,147.67015822390294,231.728328979636,0.0,VOZ858,36000.0,3727.0,1225757.3311901167,-4157372.105249376
227,2021-12-06 05:49:10+00:00,7c7a3e,-36.373809814453125,147.64909744262695,231.728328979636,0.0,VOZ858,36000.0,3727.0,1223736.351686594,-4158450.4865480615
228,2021-12-06 05:49:20+00:00,7c7a3e,-36.385528564453125,147.62781143188477,231.728328979636,0.0,VOZ858,36000.0,3727.0,1221694.5129293655,-4159537.540681318
229,2021-12-06 05:49:30+00:00,7c7a3e,-36.39719300350902,147.6066946476064,231.728328979636,0.0,VOZ858,36000.0,3727.0,1219668.834061307,-4160620.656048964
230,2021-12-06 05:49:40+00:00,7c7a3e,-36.40873718261719,147.5855827331543,231.8641968425241,0.0,VOZ858,36000.0,3727.0,1217645.4248764117,-4161690.946908912
231,2021-12-06 05:49:50+00:00,7c7a3e,-36.42037601794226,147.56444403465758,231.728328979636,0.0,VOZ858,36000.0,3727.0,1215618.880796865,-4162771.843356212
232,2021-12-06 05:50:00+00:00,7c7a3e,-36.43215373411016,147.54317263339428,232.1533645252653,0.0,VOZ858,36000.0,3727.0,1213579.2248270211,-4163867.2106651138
233,2021-12-06 05:50:10+00:00,7c7a3e,-36.44388489804027,147.52178435629986,232.1533645252653,0.0,VOZ858,36000.0,3727.0,1211530.0933128481,-4164956.7259511873
234,2021-12-06 05:50:20+00:00,7c7a3e,-36.45608158434851,147.49957794838764,231.8641968425241,0.0,VOZ858,36000.0,3727.0,1209402.8038444985,-4166090.2163539175
235,2021-12-06 05:50:30+00:00,7c7a3e,-36.467376708984375,147.47880935668945,232.0022666132374,0.0,VOZ858,36000.0,3727.0,1207414.9739120137,-4167138.368497659
236,2021-12-06 05:50:40+00:00,7c7a3e,-36.47904968261719,147.4573516845703,231.8641968425241,0.0,VOZ858,36000.0,3727.0,1205361.546694109,-4168222.0535817435
237,2021-12-06 05:50:50+00:00,7c7a3e,-36.49090265823622,147.43576374459775,231.8641968425241,0.0,VOZ858,36000.0,3727.0,1203294.762931634,-4169324.8021057257
238,2021-12-06 05:51:00+00:00,7c7a3e,-36.502716064453125,147.4141502380371,231.8641968425241,0.0,VOZ858,36000.0,3727.0,1201226.576057802,-4170423.362198714
239,2021-12-06 05:51:10+00:00,7c7a3e,-36.51403912043168,147.39339625581783,231.8641968425241,0.0,VOZ858,36000.0,3727.0,1199241.2638958527,-4171476.366745885
240,2021-12-06 05:51:20+00:00,7c7a3e,-36.52606201171875,147.37140655517578,231.57581091235565,0.0,VOZ858,36000.0,3727.0,1197137.8510124867,-4172595.333608644
241,2021-12-06 05:51:30+00:00,7c7a3e,-36.53773498535156,147.3500633239746,231.14971336994725,0.0,VOZ858,36000.0,3727.0,1195096.6385210087,-4173682.2197754714
242,2021-12-06 05:51:40+00:00,7c7a3e,-36.54936218261719,147.32877731323242,230.4353115629315,0.0,VOZ858,36000.0,3727.0,1193061.4658512024,-4174765.007754564
243,2021-12-06 05:51:50+00:00,7c7a3e,-36.56053161621094,147.308349609375,230.4353115629315,0.0,VOZ858,36000.0,3727.0,1191108.5988756556,-4175805.749722322
244,2021-12-06 05:52:00+00:00,7c7a3e,-36.57199665651484,147.28733143907914,230.00940245328133,0.0,VOZ858,36000.0,3727.0,1189099.984751913,-4176873.9621922313
245,2021-12-06 05:52:10+00:00,7c7a3e,-36.58415222167969,147.2650909423828,229.29491044675828,0.0,VOZ858,36000.0,3727.0,1186974.6999271882,-4178007.3654150665
246,2021-12-06 05:52:20+00:00,7c7a3e,-36.59550476074219,147.24431991577148,229.29491044675828,0.0,VOZ858,36000.0,3727.0,1184990.2261269789,-4179066.3048302424
247,2021-12-06 05:52:30+00:00,7c7a3e,-36.60695738711598,147.22334192154256,229.29491044675828,0.0,VOZ858,36000.0,3727.0,1182986.5140182544,-4180134.756508428
248,2021-12-06 05:52:40+00:00,7c7a3e,-36.61896786447301,147.201310827377,229.00675600262983,0.0,VOZ858,36000.0,3727.0,1180882.8284315823,-4181255.3912192364
249,2021-12-06 05:52:50+00:00,7c7a3e,-36.630047297073645,147.18097443276264,229.00675600262983,0.0,VOZ858,36000.0,3727.0,1178941.4243952713,-4182289.425949428
250,2021-12-06 05:53:00+00:00,7c7a3e,-36.64146423339844,147.15997695922852,229.00675600262983,0.0,VOZ858,36000.0,3727.0,1176937.5528819696,-4183354.966278218
251,2021-12-06 05:53:10+00:00,7c7a3e,-36.653411865234375,147.13788986206055,229.00675600262983,0.0,VOZ858,36000.0,3727.0,1174830.825438931,-4184469.4062851164
252,2021-12-06 05:53:20+00:00,7c7a3e,-36.664947509765625,147.11671829223633,229.00675600262983,0.0,VOZ858,36000.0,3727.0,1172810.8559321745,-4185547.2762981155
253,2021-12-06 05:53:30+00:00,7c7a3e,-36.67632022146455,147.09571351396278,229.00675600262983,0.0,VOZ858,36000.0,3727.0,1170808.020245215,-4186609.091753996
254,2021-12-06 05:53:40+00:00,7c7a3e,-36.68758586301641,147.0749680539395,228.7193956317816,0.0,VOZ858,36000.0,3727.0,1168829.9018048132,-4187661.8804450254
255,2021-12-06 05:53:50+00:00,7c7a3e,-36.69941711425781,147.0530891418457,228.7193956317816,0.0,VOZ858,36000.0,3727.0,1166744.68795369,-4188767.0964674545
256,2021-12-06 05:54:00+00:00,7c7a3e,-36.71100163863878,147.03166555851064,228.7193956317816,0.0,VOZ858,36000.0,3727.0,1164703.2780916733,-4189849.679208802
257,2021-12-06 05:54:10+00:00,7c7a3e,-36.722034519001625,147.01127072598072,228.7193956317816,0.0,VOZ858,36000.0,3727.0,1162760.2122852867,-4190881.179186772
258,2021-12-06 05:54:20+00:00,7c7a3e,-36.73406982421875,146.9890022277832,229.14654749984547,0.0,VOZ858,36000.0,3727.0,1160639.178025671,-4192006.6414871854
259,2021-12-06 05:54:30+00:00,7c7a3e,-36.74521753343487,146.96837729596078,229.14654749984547,0.0,VOZ858,36000.0,3727.0,1158675.066118162,-4193049.517020635
260,2021-12-06 05:54:40+00:00,7c7a3e,-36.75677490234375,146.9469451904297,229.14654749984547,0.0,VOZ858,36000.0,3727.0,1156634.7823874855,-4194130.672962711
261,2021-12-06 05:54:50+00:00,7c7a3e,-36.767935025489976,146.92630199675864,229.14654749984547,0.0,VOZ858,36000.0,3727.0,1154669.6551284106,-4195175.545211441
262,2021-12-06 05:55:00+00:00,7c7a3e,-36.77947998046875,146.9048309326172,229.14654749984547,0.0,VOZ858,36000.0,3727.0,1152626.8264524764,-4196255.792281723
263,2021-12-06 05:55:10+00:00,7c7a3e,-36.79096984863281,146.883544921875,229.14654749984547,0.0,VOZ858,36000.0,3727.0,1150601.4915065917,-4197332.05789845
264,2021-12-06 05:55:20+00:00,7c7a3e,-36.8023681640625,146.86220169067383,228.86051904965308,0.0,VOZ858,36000.0,3727.0,1148572.4980010102,-4198398.082592948
265,2021-12-06 05:55:30+00:00,7c7a3e,-36.813812255859375,146.84085845947266,229.0038668487988,0.0,VOZ858,36000.0,3727.0,1146543.3755365724,-4199469.586664626
266,2021-12-06 05:55:40+00:00,7c7a3e,-36.82493591308594,146.81991577148438,229.71695993399013,0.0,VOZ858,36000.0,3727.0,1144553.9114380383,-4200509.690740668
267,2021-12-06 05:55:50+00:00,7c7a3e,-36.8367919921875,146.79811477661133,229.5740573960584,0.0,VOZ858,35925.0,3727.0,1142480.1815262057,-4201623.449627886
268,2021-12-06 05:56:00+00:00,7c7a3e,-36.84805142677436,146.77699312250667,229.5740573960584,0.0,VOZ858,35925.0,3727.0,1140474.03301279,-4202677.770318663
269,2021-12-06 05:56:10+00:00,7c7a3e,-36.85968017578125,146.75531265583444,229.5740573960584,-2.92608,VOZ858,35925.0,3727.0,1138414.400193937,-4203768.311747493
270,2021-12-06 05:56:20+00:00,7c7a3e,-36.87144470214844,146.7333984375,228.86051904965308,-8.77824,VOZ858,35700.0,3727.0,1136332.8558302862,-4204872.196403078
271,2021-12-06 05:56:30+00:00,7c7a3e,-36.882568359375,146.71265297747675,228.7193956317816,-13.0048,VOZ858,35300.0,3727.0,1134362.8599514824,-4205916.123036415
272,2021-12-06 05:56:40+00:00,7c7a3e,-36.894464007878696,146.69064729110053,228.7193956317816,-13.65504,VOZ858,34850.0,3727.0,1132272.5182759787,-4207034.549244589
273,2021-12-06 05:56:50+00:00,7c7a3e,-36.90563654495497,146.6698688009511,228.7193956317816,-14.305280000000002,VOZ858,34400.0,3727.0,1130299.8047044894,-4208084.3967328705
274,2021-12-06 05:57:00+00:00,7c7a3e,-36.916900634765625,146.64895564951797,229.14654749984547,-15.60576,VOZ858,33925.0,3727.0,1128314.469424494,-4209143.564247719
275,2021-12-06 05:57:10+00:00,7c7a3e,-36.92875671386719,146.62709986909908,230.0019233239948,-15.93088,VOZ858,33375.0,3727.0,1126239.1125027987,-4210260.228829627
276,2021-12-06 05:57:20+00:00,7c7a3e,-36.94031796212926,146.60532412321672,231.0013960132331,-15.93088,VOZ858,32850.0,3727.0,1124174.5722342941,-4211345.398303628
277,2021-12-06 05:57:30+00:00,7c7a3e,-36.95190946934588,146.58382913340694,231.8567775443496,-12.02944,VOZ858,32325.0,3727.0,1122135.0523423154,-4212436.85462089
278,2021-12-06 05:57:40+00:00,7c7a3e,-36.96326821537343,146.56263268512228,231.8567775443496,-12.02944,VOZ858,31925.0,3727.0,1120125.0492363942,-4213505.615726133
279,2021-12-06 05:57:50+00:00,7c7a3e,-36.97458040916314,146.5413168202276,232.42964781957505,-10.72896,VOZ858,31550.0,3727.0,1118105.338965698,-4214568.5666504875
280,2021-12-06 05:58:00+00:00,7c7a3e,-36.98597717285156,146.51974941821808,232.859085973748,-5.52704,VOZ858,31325.0,3727.0,1116062.731716061,-4215639.061256812
281,2021-12-06 05:58:10+00:00,7c7a3e,-36.99776342359644,146.49749092433763,233.85540102790296,-4.22656,VOZ858,31200.0,3727.0,1113954.8187683073,-4216746.98980685
282,2021-12-06 05:58:20+00:00,7c7a3e,-37.009727348715614,146.4750406016474,235.28151316322564,-4.22656,VOZ858,31050.0,3727.0,1111828.3276818462,-4217873.349481489
283,2021-12-06 05:58:30+00:00,7c7a3e,-37.0212257514566,146.45336648692256,236.423261411962,-4.55168,VOZ858,30900.0,3727.0,1109776.3407388336,-4218955.452482567
284,2021-12-06 05:58:40+00:00,7c7a3e,-37.03342243776484,146.4305579144022,237.1363643380037,-4.55168,VOZ858,30750.0,3727.0,1107616.3228527769,-4220105.336660827
285,2021-12-06 05:58:50+00:00,7c7a3e,-37.045166015625,146.40865894074136,238.2781102699204,-4.55168,VOZ858,30600.0,3727.0,1105542.5024586986,-4221213.495842424
286,2021-12-06 05:59:00+00:00,7c7a3e,-37.056326138771226,146.38738880986753,239.4199383978988,-4.55168,VOZ858,30450.0,3727.0,1103531.327957925,-4222262.9697111035
287,2021-12-06 05:59:10+00:00,7c7a3e,-37.06875558626854,146.36398315429688,240.56184755150665,-4.55168,VOZ858,30300.0,3727.0,1101317.0452631228,-4223434.773768161
288,2021-12-06 05:59:20+00:00,7c7a3e,-37.08078002929688,146.34133846201797,240.27839352174232,-4.55168,VOZ858,30125.0,3727.0,1099175.209470737,-4224568.85200857
289,2021-12-06 05:59:30+00:00,7c7a3e,-37.09259033203125,146.31883986452794,240.27839352174232,-4.8768,VOZ858,29975.0,3727.0,1097049.1150324696,-4225680.939922488
290,2021-12-06 05:59:40+00:00,7c7a3e,-37.10446115267479,146.29639335300612,240.27839352174232,-8.45312,VOZ858,29725.0,3727.0,1094927.4137596886,-4226800.643918677
291,2021-12-06 05:59:50+00:00,7c7a3e,-37.11639404296875,146.27378423163233,239.8489983203856,-13.98016,VOZ858,29325.0,3727.0,1092791.0364918238,-4227926.26750693
292,2021-12-06 06:00:00+00:00,7c7a3e,-37.12836456298828,146.25122719622675,239.8489983203856,-15.60576,VOZ858,28725.0,3727.0,1090659.3088269318,-4229056.974686878
293,2021-12-06 06:00:10+00:00,7c7a3e,-37.14033508300781,146.22867016082114,239.8489983203856,-17.231360000000002,VOZ858,28125.0,3727.0,1088528.0170271832,-4230188.141555172
294,2021-12-06 06:00:20+00:00,7c7a3e,-37.15196228027344,146.20663906665558,239.8489983203856,-17.231360000000002,VOZ858,27550.0,3727.0,1086447.532966575,-4231286.259676068
295,2021-12-06 06:00:30+00:00,7c7a3e,-37.16386180813032,146.1839029063349,239.8489983203856,-13.98016,VOZ858,27050.0,3727.0,1084301.9759605094,-4232408.919647636
296,2021-12-06 06:00:40+00:00,7c7a3e,-37.17622375488281,146.16053155127992,237.994160307172,-13.98016,VOZ858,26600.0,3727.0,1082095.5336181177,-4233577.836950693
297,2021-12-06 06:00:50+00:00,7c7a3e,-37.18755689717955,146.1390619692595,236.56873889050564,-13.65504,VOZ858,26150.0,3727.0,1080069.2909599114,-4234649.533874778
298,2021-12-06 06:01:00+00:00,7c7a3e,-37.19929504394531,146.11681999044217,235.1436806342854,-13.65504,VOZ858,25675.0,3727.0,1077970.5952286706,-4235759.923067542
299,2021-12-06 06:01:10+00:00,7c7a3e,-37.21064758300781,146.09531483751664,233.57173977757705,-13.65504,VOZ858,25250.0,3727.0,1075941.790811809,-4236834.311884268
300,2021-12-06 06:01:20+00:00,7c7a3e,-37.22236633300781,146.07299155377328,232.14652448152452,-13.65504,VOZ858,24800.0,3727.0,1073836.9227745936,-4237942.732429853
301,2021-12-06 06:01:30+00:00,7c7a3e,-37.2334574036679,146.05194755222487,230.57481086186613,-13.65504,VOZ858,24375.0,3727.0,1071852.597508654,-4238992.909662017
302,2021-12-06 06:01:40+00:00,7c7a3e,-37.24470520019531,146.0305656270778,229.5792449307013,-13.65504,VOZ858,23925.0,3727.0,1069837.0221162746,-4240057.988781215
303,2021-12-06 06:01:50+00:00,7c7a3e,-37.25624084472656,146.00865140874336,227.5779549166127,-13.32992,VOZ858,23475.0,3727.0,1067771.5900652362,-4241150.878801864
304,2021-12-06 06:02:00+00:00,7c7a3e,-37.26758019398835,145.98734316618547,226.00725803919147,-13.0048,VOZ858,23075.0,3727.0,1065762.3618524573,-4242227.569541101
305,2021-12-06 06:02:10+00:00,7c7a3e,-37.27903747558594,145.9656411028923,224.5811748630136,-13.0048,VOZ858,22625.0,3727.0,1063717.3716769994,-4243314.416992817
306,2021-12-06 06:02:20+00:00,7c7a3e,-37.290018372616544,145.94483085300612,222.87243584005083,-13.0048,VOZ858,22175.0,3727.0,1061756.854040077,-4244356.383221249
307,2021-12-06 06:02:30+00:00,7c7a3e,-37.30119090969282,145.9235149881114,221.4476768186658,-12.67968,VOZ858,21750.0,3727.0,1059749.879618736,-4245415.733066919
308,2021-12-06 06:02:40+00:00,7c7a3e,-37.3121337890625,145.90264502992022,219.31128451112207,-13.32992,VOZ858,21325.0,3727.0,1057785.2196864453,-4246453.768234388
309,2021-12-06 06:02:50+00:00,7c7a3e,-37.32274459580248,145.88225654933763,217.45651936912145,-13.0048,VOZ858,20900.0,3727.0,1055867.079732022,-4247459.401043541
310,2021-12-06 06:03:00+00:00,7c7a3e,-37.333099365234375,145.86249818193153,215.88328477091213,-13.32992,VOZ858,20500.0,3727.0,1054007.7994462561,-4248442.285733293
311,2021-12-06 06:03:10+00:00,7c7a3e,-37.34383275953394,145.84207286005434,214.310850223238,-13.0048,VOZ858,20075.0,3727.0,1052085.8013094107,-4249461.944627526
312,2021-12-06 06:03:20+00:00,7c7a3e,-37.35443115234375,145.82176695478725,212.6042140584136,-13.0048,VOZ858,19650.0,3727.0,1050176.1484519322,-4250467.997498136
313,2021-12-06 06:03:30+00:00,7c7a3e,-37.364874371027554,145.801769754161,211.0311742734501,-13.0048,VOZ858,19250.0,3727.0,1048295.805903983,-4251459.777142654
314,2021-12-06 06:03:40+00:00,7c7a3e,-37.37516784667969,145.78214604803858,210.17162443720423,-13.0048,VOZ858,18825.0,3727.0,1046450.4392629345,-4252438.409176566
315,2021-12-06 06:03:50+00:00,7c7a3e,-37.38551330566406,145.76245247049536,208.3167913474988,-12.67968,VOZ858,18425.0,3727.0,1044598.6714680494,-4253422.574767271
316,2021-12-06 06:04:00+00:00,7c7a3e,-37.3956298828125,145.74334327210772,207.17471707058388,-12.35456,VOZ858,18025.0,3727.0,1042801.355673951,-4254386.537383585
317,2021-12-06 06:04:10+00:00,7c7a3e,-37.40584034030724,145.72367129118547,205.61612984356765,-12.35456,VOZ858,17625.0,3727.0,1040953.5538171096,-4255356.58602519
318,2021-12-06 06:04:20+00:00,7c7a3e,-37.41618347167969,145.70372236535906,203.91329817859724,-12.35456,VOZ858,17200.0,3727.0,1039080.1854917537,-4256339.415965169
319,2021-12-06 06:04:30+00:00,7c7a3e,-37.42593383789063,145.68484691863364,203.04968476355955,-12.35456,VOZ858,16800.0,3727.0,1037308.3081078281,-4257265.669588849
320,2021-12-06 06:04:40+00:00,7c7a3e,-37.43605041503906,145.6653286548371,201.47560710140493,-12.35456,VOZ858,16400.0,3727.0,1035476.0488903115,-4258227.593137703
321,2021-12-06 06:04:50+00:00,7c7a3e,-37.44568905587926,145.64688641092053,200.614691929504,-12.35456,VOZ858,16000.0,3727.0,1033744.2711184586,-4259145.655495822
322,2021-12-06 06:05:00+00:00,7c7a3e,-37.45578002929688,145.62851276803525,199.74344157635952,-12.67968,VOZ858,15600.0,3727.0,1032014.1930973942,-4260114.798623174
323,2021-12-06 06:05:10+00:00,7c7a3e,-37.46649790618381,145.6101658033288,198.68597199395845,-12.02944,VOZ858,15200.0,3727.0,1030280.3296766345,-4261154.063132623
324,2021-12-06 06:05:20+00:00,7c7a3e,-37.47674560546875,145.5926903257979,197.9667142046244,-12.35456,VOZ858,14825.0,3727.0,1028628.7243745385,-4262148.575577097
325,2021-12-06 06:05:30+00:00,7c7a3e,-37.487725726628696,145.57386315387228,196.22447951356,-11.70432,VOZ858,14400.0,3727.0,1026850.3156444241,-4263213.6450820295
326,2021-12-06 06:05:40+00:00,7c7a3e,-37.49803161621094,145.55622506648936,195.09029678922124,-11.70432,VOZ858,14025.0,3727.0,1025184.3369090866,-4264213.884022926
327,2021-12-06 06:05:50+00:00,7c7a3e,-37.50802250231726,145.53905321204144,193.65246589850383,-12.35456,VOZ858,13650.0,3727.0,1023563.1163831067,-4265183.23359223
328,2021-12-06 06:06:00+00:00,7c7a3e,-37.51835632324219,145.5212791929854,192.10333654567825,-13.32992,VOZ858,13300.0,3727.0,1021885.4156784448,-4266186.041004575
329,2021-12-06 06:06:10+00:00,7c7a3e,-37.52847290039063,145.5040400078956,188.3975124675098,-13.32992,VOZ858,12975.0,3727.0,1020257.5299160434,-4267169.360073914
330,2021-12-06 06:06:20+00:00,7c7a3e,-37.53828145689886,145.48728611158288,184.08327447063647,-13.32992,VOZ858,12625.0,3727.0,1018675.9795988711,-4268122.683942856
331,2021-12-06 06:06:30+00:00,7c7a3e,-37.54791777012713,145.47068720278534,178.6365585856699,-13.32992,VOZ858,12275.0,3727.0,1017110.1535984329,-4269058.395197297
332,2021-12-06 06:06:40+00:00,7c7a3e,-37.55767822265625,145.4537834005153,178.6365585856699,-12.35456,VOZ858,11775.0,3727.0,1015516.3715215303,-4270005.686039297
333,2021-12-06 06:06:50+00:00,7c7a3e,-37.56723694882152,145.43725055197012,178.6365585856699,-12.35456,VOZ858,11375.0,3727.0,1013957.699614736,-4270933.829690788
334,2021-12-06 06:07:00+00:00,7c7a3e,-37.57650084414723,145.42130843452784,177.80497495486213,-11.70432,VOZ858,11025.0,3727.0,1012454.492230481,-4271834.238506151
335,2021-12-06 06:07:10+00:00,7c7a3e,-37.58618370961335,145.40476923403534,177.69479601155183,-11.70432,VOZ858,10625.0,3727.0,1010894.5125151804,-4272776.618744385
336,2021-12-06 06:07:20+00:00,7c7a3e,-37.59535217285156,145.38915106590758,176.5614977598109,-11.70432,VOZ858,10275.0,3727.0,1009421.3949254432,-4273669.510647359
337,2021-12-06 06:07:30+00:00,7c7a3e,-37.60485115697827,145.37294470745584,175.53700737358872,-11.05408,VOZ858,9900.0,3727.0,1007893.1956137333,-4274594.629497035
338,2021-12-06 06:07:40+00:00,7c7a3e,-37.61392884335277,145.3572414232337,174.21127848514595,-11.05408,VOZ858,9550.0,3727.0,1006413.9476837981,-4275477.219094649
339,2021-12-06 06:07:50+00:00,7c7a3e,-37.623138427734375,145.3411150993185,173.30884624248964,-11.05408,VOZ858,9175.0,3727.0,1004896.2248302205,-4276371.308212748
340,2021-12-06 06:08:00+00:00,7c7a3e,-37.63227042505298,145.32499893851903,173.01004886396262,-10.72896,VOZ858,8850.0,3727.0,1003380.4218972753,-4277257.098565728
341,2021-12-06 06:08:10+00:00,7c7a3e,-37.64126586914063,145.3092664353391,173.30884624248964,-11.3792,VOZ858,8475.0,3727.0,1001900.1255420379,-4278131.014671417
342,2021-12-06 06:08:20+00:00,7c7a3e,-37.65032958984375,145.29331288439164,172.89069147228696,-11.05408,VOZ858,8125.0,3727.0,1000399.8488183559,-4279010.986118868
343,2021-12-06 06:08:30+00:00,7c7a3e,-37.65962219238281,145.27712558178192,172.89069147228696,-11.05408,VOZ858,7750.0,3727.0,998876.8712769294,-4279914.766758087
344,2021-12-06 06:08:40+00:00,7c7a3e,-37.66877746582031,145.26123046875,172.35793460272143,-3.90144,VOZ858,7375.0,3727.0,997381.3204254572,-4280805.848478395
345,2021-12-06 06:08:50+00:00,7c7a3e,-37.67793273925781,145.24539379363364,172.35793460272143,-3.90144,VOZ858,7150.0,3727.0,995891.1694135936,-4281697.627317311
346,2021-12-06 06:09:00+00:00,7c7a3e,-37.68672180175781,145.23019993558844,167.51690131200937,-2.27584,VOZ858,7075.0,3727.0,994461.6737515153,-4282554.027842097
347,2021-12-06 06:09:10+00:00,7c7a3e,-37.69562802072301,145.21477740743887,164.64217424236963,-3.2512000000000003,VOZ858,7025.0,3727.0,993011.0381516867,-4283421.85593467
348,2021-12-06 06:09:20+00:00,7c7a3e,-37.70424018471931,145.199730914572,164.64217424236963,-3.2512000000000003,VOZ858,6925.0,3727.0,991596.7529542838,-4284260.1900541475
349,2021-12-06 06:09:30+00:00,7c7a3e,-37.7133644233316,145.1839082137398,164.64217424236963,-3.2512000000000003,VOZ858,6800.0,3727.0,990109.0652916257,-4285149.532437075
350,2021-12-06 06:09:40+00:00,7c7a3e,-37.722015380859375,145.1689570000831,160.5197183298082,-2.92608,VOZ858,6700.0,3727.0,988703.2445482376,-4285993.357445512
351,2021-12-06 06:09:50+00:00,7c7a3e,-37.73011779785156,145.1550487761802,156.5102341540027,-2.92608,VOZ858,6625.0,3727.0,987395.1401075776,-4286784.611289271
352,2021-12-06 06:10:00+00:00,7c7a3e,-37.73854918399098,145.1405599842901,152.8037244491233,-2.92608,VOZ858,6525.0,3727.0,986032.7197734143,-4287608.057550829
353,2021-12-06 06:10:10+00:00,7c7a3e,-37.74623107910156,145.12711545254322,149.21093266267724,-2.92608,VOZ858,6450.0,3727.0,984770.0728001418,-4288356.565493696
354,2021-12-06 06:10:20+00:00,7c7a3e,-37.75423728813559,145.11327328889266,145.08780142202667,-3.90144,VOZ858,6350.0,3727.0,983469.301829675,-4289138.181571514
355,2021-12-06 06:10:30+00:00,7c7a3e,-37.761639093948645,145.10037629500678,141.61326782971128,-3.90144,VOZ858,6250.0,3727.0,982258.0819797906,-4289860.170033511
356,2021-12-06 06:10:40+00:00,7c7a3e,-37.76893615722656,145.08761142162567,138.92369481029073,-4.8768,VOZ858,6100.0,3727.0,981059.7087860056,-4290571.698859954
357,2021-12-06 06:10:50+00:00,7c7a3e,-37.77626037597656,145.0746382043717,137.30933435003112,-5.52704,VOZ858,5925.0,3727.0,979842.8358810574,-4291284.772755539
358,2021-12-06 06:11:00+00:00,7c7a3e,-37.78337898900952,145.06186443826428,135.58015216800413,-5.20192,VOZ858,5750.0,3727.0,978645.7360044968,-4291976.69451997
359,2021-12-06 06:11:10+00:00,7c7a3e,-37.7904052734375,145.04950990068153,135.21659248724086,-5.52704,VOZ858,5575.0,3727.0,977486.6811464865,-4292661.760442686
360,2021-12-06 06:11:20+00:00,7c7a3e,-37.79757742154396,145.03702578337297,134.8000352985034,-5.8521600000000005,VOZ858,5375.0,3727.0,976314.9077050845,-4293362.17895805
361,2021-12-06 06:11:30+00:00,7c7a3e,-37.80450439453125,145.0250244140625,134.08151661287428,-5.52704,VOZ858,5175.0,3727.0,975188.2695347939,-4294039.2253648825
362,2021-12-06 06:11:40+00:00,7c7a3e,-37.81089136155987,145.01212742017665,132.02080460911716,-2.92608,VOZ858,5000.0,3727.0,973988.0312899156,-4294649.415857449
363,2021-12-06 06:11:50+00:00,7c7a3e,-37.81526727191476,144.9982153851053,127.70754977880516,-2.92608,VOZ858,4850.0,3727.0,972718.0061828399,-4295028.263258333
364,2021-12-06 06:12:00+00:00,7c7a3e,-37.81778109275689,144.9846018915591,124.82345226408268,-1.95072,VOZ858,4775.0,3727.0,971492.5576108518,-4295202.500725165
365,2021-12-06 06:12:10+00:00,7c7a3e,-37.82024836136122,144.9709883980129,121.81030191453364,-5.20192,VOZ858,4675.0,3727.0,970267.6110650853,-4295371.699294496
366,2021-12-06 06:12:20+00:00,7c7a3e,-37.81993103027344,144.9574117457613,118.07134238403464,-5.20192,VOZ858,4550.0,3727.0,969073.0309823039,-4295231.653837355
367,2021-12-06 06:12:30+00:00,7c7a3e,-37.81993103027344,144.944613842254,117.34849914606276,-5.8521600000000005,VOZ858,4350.0,3727.0,967944.0495745578,-4295133.024446947
368,2021-12-06 06:12:40+00:00,7c7a3e,-37.81993103027344,144.9314615000849,115.61721171620697,-5.8521600000000005,VOZ858,4150.0,3727.0,966783.7905038887,-4295031.783302197
369,2021-12-06 06:12:50+00:00,7c7a3e,-37.81993103027344,144.91913491107047,112.9178212972346,-5.52704,VOZ858,3975.0,3727.0,965696.3672172183,-4294937.008687653
370,2021-12-06 06:13:00+00:00,7c7a3e,-37.81993103027344,144.90657075922542,111.31503086352498,-6.827520000000001,VOZ858,3775.0,3727.0,964587.9771238207,-4294840.517304468
371,2021-12-06 06:13:10+00:00,7c7a3e,-37.81993103027344,144.894263226053,106.75301805206864,-6.502400000000001,VOZ858,3575.0,3727.0,963502.2161858252,-4294746.104167465
372,2021-12-06 06:13:20+00:00,7c7a3e,-37.81993103027344,144.88297835640284,98.07008308057752,-6.1772800000000005,VOZ858,3400.0,3727.0,962506.6657014383,-4294659.629500194
373,2021-12-06 06:13:30+00:00,7c7a3e,-37.81993103027344,144.87337802318817,92.5556100541895,-5.8521600000000005,VOZ858,3200.0,3727.0,961659.718804374,-4294586.133619682
374,2021-12-06 06:13:40+00:00,7c7a3e,-37.81993103027344,144.86718360413897,87.8012894785865,-5.52704,VOZ858,3050.0,3727.0,961113.2406274807,-4294538.746244379
375,2021-12-06 06:13:50+00:00,7c7a3e,-37.81289310778601,144.86452849014947,84.06871273593333,-5.52704,VOZ858,2875.0,3727.0,960946.8379895374,-4293735.743026538
376,2021-12-06 06:14:00+00:00,7c7a3e,-37.80535164525952,144.86339403235394,81.48702022421878,-4.22656,VOZ858,2725.0,3727.0,960919.4263354535,-4292888.390963428
377,2021-12-06 06:14:10+00:00,7c7a3e,-37.7984619140625,144.86208044964334,77.48319102844282,-3.90144,VOZ858,2575.0,3727.0,960869.9114051131,-4292112.167342496
378,2021-12-06 06:14:20+00:00,7c7a3e,-37.79150390625,144.86075543342753,75.44808413794365,-3.5763200000000004,VOZ858,2450.0,3727.0,960820.0275235306,-4291328.282755469
379,2021-12-06 06:14:30+00:00,7c7a3e,-37.78505486957101,144.8595129925272,74.79102866934306,-3.5763200000000004,VOZ858,2325.0,3727.0,960772.5101531005,-4290601.646070653
380,2021-12-06 06:14:40+00:00,7c7a3e,-37.77854919433594,144.85830104097408,74.79102866934306,-3.5763200000000004,VOZ858,2225.0,3727.0,960728.2135230199,-4289868.961020008
381,2021-12-06 06:14:50+00:00,7c7a3e,-37.77211334745766,144.8571246603261,74.79102866934306,-3.5763200000000004,VOZ858,2100.0,3727.0,960686.3685399912,-4289144.32925656
382,2021-12-06 06:15:00+00:00,7c7a3e,-37.76545637744971,144.85587078592053,74.5109579458955,-3.2512000000000003,VOZ858,1975.0,3727.0,960639.7974743514,-4288394.5344635835
383,2021-12-06 06:15:10+00:00,7c7a3e,-37.75870630296612,144.8545572032099,73.84556468297389,-3.2512000000000003,VOZ858,1825.0,3727.0,960588.835564236,-4287633.94867433
384,2021-12-06 06:15:20+00:00,7c7a3e,-37.75218898967165,144.8534227454144,72.39782676322874,-3.2512000000000003,VOZ858,1700.0,3727.0,960551.4291634281,-4286900.630087713
385,2021-12-06 06:15:30+00:00,7c7a3e,-37.74595642089844,144.852223497756,72.39782676322874,-3.2512000000000003,VOZ858,1600.0,3727.0,960505.5472584132,-4286198.492238975
386,2021-12-06 06:15:40+00:00,7c7a3e,-37.73945617675781,144.85099630152925,73.33669428943325,-3.5763200000000004,VOZ858,1475.0,3727.0,960459.7590928851,-4285466.39556034
387,2021-12-06 06:15:50+00:00,7c7a3e,-37.733001708984375,144.84982754321808,72.75336818814645,-3.5763200000000004,VOZ858,1350.0,3727.0,960418.674793663,-4284739.851626485
388,2021-12-06 06:16:00+00:00,7c7a3e,-37.726318359375,144.84848347116025,72.82790221140917,-3.90144,VOZ858,1225.0,3727.0,960364.2966522023,-4283986.538075265
389,2021-12-06 06:16:10+00:00,7c7a3e,-37.71974207991264,144.8472727899966,72.82790221140917,-3.5763200000000004,VOZ858,1100.0,3727.0,960320.650870129,-4283246.165030431
390,2021-12-06 06:16:20+00:00,7c7a3e,-37.7138671875,144.84614595453792,71.81055966022657,-3.90144,VOZ858,975.0,3727.0,960277.6480131594,-4282584.424270418
391,2021-12-06 06:16:30+00:00,7c7a3e,-37.70732116699219,144.84497719622672,70.71687266949702,-3.5763200000000004,VOZ858,850.0,3727.0,960237.3840021794,-4281847.767799228
392,2021-12-06 06:16:40+00:00,7c7a3e,-37.7010498046875,144.8438668758311,70.13439787380865,-3.2512000000000003,VOZ858,750.0,3727.0,960199.6254313685,-4281142.107651266
393,2021-12-06 06:16:50+00:00,7c7a3e,-37.69454956054688,144.84269811751994,69.77689028765177,-3.2512000000000003,VOZ858,625.0,3727.0,960158.891775566,-4280410.572954814
